// Generated by tools/gen_fonts.py - do not edit.
// Inter 28px weight 700 (SIL OFL 1.1)
#pragma once
#include <pgmspace.h>

const uint8_t FontUiXl[] PROGMEM = {
  0x00,0x00,0x00,0x63,0x00,0x00,0x00,0x0B,0x00,0x00,0x00,0x1C,0x00,0x00,0x00,0x00,0x00,0x00,0x00,0x1B,
  0x00,0x00,0x00,0x07,0x00,0x00,0x00,0x20,0x00,0x00,0x00,0x00,0x00,0x00,0x00,0x00,0x00,0x00,0x00,0x06,
  0x00,0x00,0x00,0x00,0x00,0x00,0x00,0x00,0x00,0x00,0x00,0x00,0x00,0x00,0x00,0x21,0x00,0x00,0x00,0x14,
  0x00,0x00,0x00,0x05,0x00,0x00,0x00,0x07,0x00,0x00,0x00,0x14,0x00,0x00,0x00,0x01,0x00,0x00,0x00,0x00,
  0x00,0x00,0x00,0x22,0x00,0x00,0x00,0x08,0x00,0x00,0x00,0x09,0x00,0x00,0x00,0x0D,0x00,0x00,0x00,0x14,
  0x00,0x00,0x00,0x02,0x00,0x00,0x00,0x00,0x00,0x00,0x00,0x23,0x00,0x00,0x00,0x14,0x00,0x00,0x00,0x12,
  0x00,0x00,0x00,0x12,0x00,0x00,0x00,0x14,0x00,0x00,0x00,0x00,0x00,0x00,0x00,0x00,0x00,0x00,0x00,0x24,
  0x00,0x00,0x00,0x1B,0x00,0x00,0x00,0x11,0x00,0x00,0x00,0x12,0x00,0x00,0x00,0x18,0x00,0x00,0x00,0x01,
  0x00,0x00,0x00,0x00,0x00,0x00,0x00,0x25,0x00,0x00,0x00,0x14,0x00,0x00,0x00,0x17,0x00,0x00,0x00,0x1B,
  0x00,0x00,0x00,0x14,0x00,0x00,0x00,0x02,0x00,0x00,0x00,0x00,0x00,0x00,0x00,0x26,0x00,0x00,0x00,0x14,
  0x00,0x00,0x00,0x12,0x00,0x00,0x00,0x12,0x00,0x00,0x00,0x14,0x00,0x00,0x00,0x01,0x00,0x00,0x00,0x00,
  0x00,0x00,0x00,0x27,0x00,0x00,0x00,0x08,0x00,0x00,0x00,0x03,0x00,0x00,0x00,0x07,0x00,0x00,0x00,0x14,
  0x00,0x00,0x00,0x02,0x00,0x00,0x00,0x00,0x00,0x00,0x00,0x28,0x00,0x00,0x00,0x1A,0x00,0x00,0x00,0x08,
  0x00,0x00,0x00,0x0A,0x00,0x00,0x00,0x16,0x00,0x00,0x00,0x02,0x00,0x00,0x00,0x00,0x00,0x00,0x00,0x29,
  0x00,0x00,0x00,0x1A,0x00,0x00,0x00,0x08,0x00,0x00,0x00,0x0A,0x00,0x00,0x00,0x16,0x00,0x00,0x00,0x01,
  0x00,0x00,0x00,0x00,0x00,0x00,0x00,0x2A,0x00,0x00,0x00,0x0B,0x00,0x00,0x00,0x0C,0x00,0x00,0x00,0x0F,
  0x00,0x00,0x00,0x14,0x00,0x00,0x00,0x01,0x00,0x00,0x00,0x00,0x00,0x00,0x00,0x2B,0x00,0x00,0x00,0x0E,
  0x00,0x00,0x00,0x0F,0x00,0x00,0x00,0x13,0x00,0x00,0x00,0x0F,0x00,0x00,0x00,0x02,0x00,0x00,0x00,0x00,
  0x00,0x00,0x00,0x2C,0x00,0x00,0x00,0x08,0x00,0x00,0x00,0x06,0x00,0x00,0x00,0x07,0x00,0x00,0x00,0x03,
  0x00,0x00,0x00,0x00,0x00,0x00,0x00,0x00,0x00,0x00,0x00,0x2D,0x00,0x00,0x00,0x04,0x00,0x00,0x00,0x09,
  0x00,0x00,0x00,0x0D,0x00,0x00,0x00,0x0B,0x00,0x00,0x00,0x02,0x00,0x00,0x00,0x00,0x00,0x00,0x00,0x2E,
  0x00,0x00,0x00,0x05,0x00,0x00,0x00,0x05,0x00,0x00,0x00,0x06,0x00,0x00,0x00,0x05,0x00,0x00,0x00,0x01,
  0x00,0x00,0x00,0x00,0x00,0x00,0x00,0x2F,0x00,0x00,0x00,0x19,0x00,0x00,0x00,0x0B,0x00,0x00,0x00,0x0A,
  0x00,0x00,0x00,0x16,0x00,0x00,0x00,0x00,0x00,0x00,0x00,0x00,0x00,0x00,0x00,0x30,0x00,0x00,0x00,0x14,
  0x00,0x00,0x00,0x11,0x00,0x00,0x00,0x12,0x00,0x00,0x00,0x14,0x00,0x00,0x00,0x01,0x00,0x00,0x00,0x00,
  0x00,0x00,0x00,0x31,0x00,0x00,0x00,0x14,0x00,0x00,0x00,0x0A,0x00,0x00,0x00,0x0C,0x00,0x00,0x00,0x14,
  0x00,0x00,0x00,0x01,0x00,0x00,0x00,0x00,0x00,0x00,0x00,0x32,0x00,0x00,0x00,0x14,0x00,0x00,0x00,0x0F,
  0x00,0x00,0x00,0x10,0x00,0x00,0x00,0x14,0x00,0x00,0x00,0x01,0x00,0x00,0x00,0x00,0x00,0x00,0x00,0x33,
  0x00,0x00,0x00,0x14,0x00,0x00,0x00,0x10,0x00,0x00,0x00,0x11,0x00,0x00,0x00,0x14,0x00,0x00,0x00,0x01,
  0x00,0x00,0x00,0x00,0x00,0x00,0x00,0x34,0x00,0x00,0x00,0x14,0x00,0x00,0x00,0x11,0x00,0x00,0x00,0x12,
  0x00,0x00,0x00,0x14,0x00,0x00,0x00,0x01,0x00,0x00,0x00,0x00,0x00,0x00,0x00,0x35,0x00,0x00,0x00,0x14,
  0x00,0x00,0x00,0x10,0x00,0x00,0x00,0x11,0x00,0x00,0x00,0x14,0x00,0x00,0x00,0x01,0x00,0x00,0x00,0x00,
  0x00,0x00,0x00,0x36,0x00,0x00,0x00,0x14,0x00,0x00,0x00,0x10,0x00,0x00,0x00,0x12,0x00,0x00,0x00,0x14,
  0x00,0x00,0x00,0x01,0x00,0x00,0x00,0x00,0x00,0x00,0x00,0x37,0x00,0x00,0x00,0x14,0x00,0x00,0x00,0x0E,
  0x00,0x00,0x00,0x10,0x00,0x00,0x00,0x14,0x00,0x00,0x00,0x01,0x00,0x00,0x00,0x00,0x00,0x00,0x00,0x38,
  0x00,0x00,0x00,0x14,0x00,0x00,0x00,0x10,0x00,0x00,0x00,0x11,0x00,0x00,0x00,0x14,0x00,0x00,0x00,0x01,
  0x00,0x00,0x00,0x00,0x00,0x00,0x00,0x39,0x00,0x00,0x00,0x14,0x00,0x00,0x00,0x10,0x00,0x00,0x00,0x12,
  0x00,0x00,0x00,0x14,0x00,0x00,0x00,0x01,0x00,0x00,0x00,0x00,0x00,0x00,0x00,0x3A,0x00,0x00,0x00,0x0F,
  0x00,0x00,0x00,0x05,0x00,0x00,0x00,0x06,0x00,0x00,0x00,0x0F,0x00,0x00,0x00,0x01,0x00,0x00,0x00,0x00,
  0x00,0x00,0x00,0x3B,0x00,0x00,0x00,0x13,0x00,0x00,0x00,0x06,0x00,0x00,0x00,0x06,0x00,0x00,0x00,0x0E,
  0x00,0x00,0x00,0x00,0x00,0x00,0x00,0x00,0x00,0x00,0x00,0x3C,0x00,0x00,0x00,0x11,0x00,0x00,0x00,0x0E,
  0x00,0x00,0x00,0x13,0x00,0x00,0x00,0x11,0x00,0x00,0x00,0x02,0x00,0x00,0x00,0x00,0x00,0x00,0x00,0x3D,
  0x00,0x00,0x00,0x0A,0x00,0x00,0x00,0x0E,0x00,0x00,0x00,0x12,0x00,0x00,0x00,0x0D,0x00,0x00,0x00,0x02,
  0x00,0x00,0x00,0x00,0x00,0x00,0x00,0x3E,0x00,0x00,0x00,0x11,0x00,0x00,0x00,0x0E,0x00,0x00,0x00,0x13,
  0x00,0x00,0x00,0x11,0x00,0x00,0x00,0x03,0x00,0x00,0x00,0x00,0x00,0x00,0x00,0x3F,0x00,0x00,0x00,0x14,
  0x00,0x00,0x00,0x0E,0x00,0x00,0x00,0x10,0x00,0x00,0x00,0x14,0x00,0x00,0x00,0x01,0x00,0x00,0x00,0x00,
  0x00,0x00,0x00,0x40,0x00,0x00,0x00,0x1A,0x00,0x00,0x00,0x1A,0x00,0x00,0x00,0x1C,0x00,0x00,0x00,0x14,
  0x00,0x00,0x00,0x01,0x00,0x00,0x00,0x00,0x00,0x00,0x00,0x41,0x00,0x00,0x00,0x14,0x00,0x00,0x00,0x15,
  0x00,0x00,0x00,0x15,0x00,0x00,0x00,0x14,0x00,0x00,0x00,0x00,0x00,0x00,0x00,0x00,0x00,0x00,0x00,0x42,
  0x00,0x00,0x00,0x14,0x00,0x00,0x00,0x10,0x00,0x00,0x00,0x13,0x00,0x00,0x00,0x14,0x00,0x00,0x00,0x02,
  0x00,0x00,0x00,0x00,0x00,0x00,0x00,0x43,0x00,0x00,0x00,0x14,0x00,0x00,0x00,0x13,0x00,0x00,0x00,0x14,
  0x00,0x00,0x00,0x14,0x00,0x00,0x00,0x01,0x00,0x00,0x00,0x00,0x00,0x00,0x00,0x44,0x00,0x00,0x00,0x14,
  0x00,0x00,0x00,0x12,0x00,0x00,0x00,0x14,0x00,0x00,0x00,0x14,0x00,0x00,0x00,0x02,0x00,0x00,0x00,0x00,
  0x00,0x00,0x00,0x45,0x00,0x00,0x00,0x14,0x00,0x00,0x00,0x0F,0x00,0x00,0x00,0x12,0x00,0x00,0x00,0x14,
  0x00,0x00,0x00,0x02,0x00,0x00,0x00,0x00,0x00,0x00,0x00,0x46,0x00,0x00,0x00,0x14,0x00,0x00,0x00,0x0E,
  0x00,0x00,0x00,0x11,0x00,0x00,0x00,0x14,0x00,0x00,0x00,0x02,0x00,0x00,0x00,0x00,0x00,0x00,0x00,0x47,
  0x00,0x00,0x00,0x14,0x00,0x00,0x00,0x13,0x00,0x00,0x00,0x15,0x00,0x00,0x00,0x14,0x00,0x00,0x00,0x01,
  0x00,0x00,0x00,0x00,0x00,0x00,0x00,0x48,0x00,0x00,0x00,0x14,0x00,0x00,0x00,0x11,0x00,0x00,0x00,0x15,
  0x00,0x00,0x00,0x14,0x00,0x00,0x00,0x02,0x00,0x00,0x00,0x00,0x00,0x00,0x00,0x49,0x00,0x00,0x00,0x14,
  0x00,0x00,0x00,0x05,0x00,0x00,0x00,0x08,0x00,0x00,0x00,0x14,0x00,0x00,0x00,0x02,0x00,0x00,0x00,0x00,
  0x00,0x00,0x00,0x4A,0x00,0x00,0x00,0x14,0x00,0x00,0x00,0x0E,0x00,0x00,0x00,0x10,0x00,0x00,0x00,0x14,
  0x00,0x00,0x00,0x01,0x00,0x00,0x00,0x00,0x00,0x00,0x00,0x4B,0x00,0x00,0x00,0x14,0x00,0x00,0x00,0x12,
  0x00,0x00,0x00,0x14,0x00,0x00,0x00,0x14,0x00,0x00,0x00,0x02,0x00,0x00,0x00,0x00,0x00,0x00,0x00,0x4C,
  0x00,0x00,0x00,0x14,0x00,0x00,0x00,0x0E,0x00,0x00,0x00,0x10,0x00,0x00,0x00,0x14,0x00,0x00,0x00,0x02,
  0x00,0x00,0x00,0x00,0x00,0x00,0x00,0x4D,0x00,0x00,0x00,0x14,0x00,0x00,0x00,0x17,0x00,0x00,0x00,0x1A,
  0x00,0x00,0x00,0x14,0x00,0x00,0x00,0x02,0x00,0x00,0x00,0x00,0x00,0x00,0x00,0x4E,0x00,0x00,0x00,0x14,
  0x00,0x00,0x00,0x12,0x00,0x00,0x00,0x15,0x00,0x00,0x00,0x14,0x00,0x00,0x00,0x02,0x00,0x00,0x00,0x00,
  0x00,0x00,0x00,0x4F,0x00,0x00,0x00,0x14,0x00,0x00,0x00,0x14,0x00,0x00,0x00,0x15,0x00,0x00,0x00,0x14,
  0x00,0x00,0x00,0x01,0x00,0x00,0x00,0x00,0x00,0x00,0x00,0x50,0x00,0x00,0x00,0x14,0x00,0x00,0x00,0x10,
  0x00,0x00,0x00,0x12,0x00,0x00,0x00,0x14,0x00,0x00,0x00,0x02,0x00,0x00,0x00,0x00,0x00,0x00,0x00,0x51,
  0x00,0x00,0x00,0x16,0x00,0x00,0x00,0x14,0x00,0x00,0x00,0x15,0x00,0x00,0x00,0x14,0x00,0x00,0x00,0x01,
  0x00,0x00,0x00,0x00,0x00,0x00,0x00,0x52,0x00,0x00,0x00,0x14,0x00,0x00,0x00,0x10,0x00,0x00,0x00,0x12,
  0x00,0x00,0x00,0x14,0x00,0x00,0x00,0x02,0x00,0x00,0x00,0x00,0x00,0x00,0x00,0x53,0x00,0x00,0x00,0x14,
  0x00,0x00,0x00,0x11,0x00,0x00,0x00,0x12,0x00,0x00,0x00,0x14,0x00,0x00,0x00,0x01,0x00,0x00,0x00,0x00,
  0x00,0x00,0x00,0x54,0x00,0x00,0x00,0x14,0x00,0x00,0x00,0x11,0x00,0x00,0x00,0x13,0x00,0x00,0x00,0x14,
  0x00,0x00,0x00,0x01,0x00,0x00,0x00,0x00,0x00,0x00,0x00,0x55,0x00,0x00,0x00,0x14,0x00,0x00,0x00,0x11,
  0x00,0x00,0x00,0x15,0x00,0x00,0x00,0x14,0x00,0x00,0x00,0x02,0x00,0x00,0x00,0x00,0x00,0x00,0x00,0x56,
  0x00,0x00,0x00,0x14,0x00,0x00,0x00,0x14,0x00,0x00,0x00,0x14,0x00,0x00,0x00,0x14,0x00,0x00,0x00,0x00,
  0x00,0x00,0x00,0x00,0x00,0x00,0x00,0x57,0x00,0x00,0x00,0x14,0x00,0x00,0x00,0x1C,0x00,0x00,0x00,0x1C,
  0x00,0x00,0x00,0x14,0x00,0x00,0x00,0x00,0x00,0x00,0x00,0x00,0x00,0x00,0x00,0x58,0x00,0x00,0x00,0x14,
  0x00,0x00,0x00,0x14,0x00,0x00,0x00,0x14,0x00,0x00,0x00,0x14,0x00,0x00,0x00,0x00,0x00,0x00,0x00,0x00,
  0x00,0x00,0x00,0x59,0x00,0x00,0x00,0x14,0x00,0x00,0x00,0x14,0x00,0x00,0x00,0x14,0x00,0x00,0x00,0x14,
  0x00,0x00,0x00,0x00,0x00,0x00,0x00,0x00,0x00,0x00,0x00,0x5A,0x00,0x00,0x00,0x14,0x00,0x00,0x00,0x10,
  0x00,0x00,0x00,0x12,0x00,0x00,0x00,0x14,0x00,0x00,0x00,0x01,0x00,0x00,0x00,0x00,0x00,0x00,0x00,0x5B,
  0x00,0x00,0x00,0x1A,0x00,0x00,0x00,0x07,0x00,0x00,0x00,0x0A,0x00,0x00,0x00,0x16,0x00,0x00,0x00,0x02,
  0x00,0x00,0x00,0x00,0x00,0x00,0x00,0x5C,0x00,0x00,0x00,0x19,0x00,0x00,0x00,0x0B,0x00,0x00,0x00,0x0A,
  0x00,0x00,0x00,0x16,0x00,0x00,0x00,0x00,0x00,0x00,0x00,0x00,0x00,0x00,0x00,0x5D,0x00,0x00,0x00,0x1A,
  0x00,0x00,0x00,0x08,0x00,0x00,0x00,0x0A,0x00,0x00,0x00,0x16,0x00,0x00,0x00,0x01,0x00,0x00,0x00,0x00,
  0x00,0x00,0x00,0x5E,0x00,0x00,0x00,0x0A,0x00,0x00,0x00,0x0D,0x00,0x00,0x00,0x0D,0x00,0x00,0x00,0x14,
  0x00,0x00,0x00,0x00,0x00,0x00,0x00,0x00,0x00,0x00,0x00,0x5F,0x00,0x00,0x00,0x04,0x00,0x00,0x00,0x0D,
  0x00,0x00,0x00,0x0D,0x00,0x00,0x00,0x01,0x00,0x00,0x00,0x00,0x00,0x00,0x00,0x00,0x00,0x00,0x00,0x60,
  0x00,0x00,0x00,0x04,0x00,0x00,0x00,0x07,0x00,0x00,0x00,0x09,0x00,0x00,0x00,0x15,0x00,0x00,0x00,0x01,
  0x00,0x00,0x00,0x00,0x00,0x00,0x00,0x61,0x00,0x00,0x00,0x0F,0x00,0x00,0x00,0x0E,0x00,0x00,0x00,0x10,
  0x00,0x00,0x00,0x0F,0x00,0x00,0x00,0x01,0x00,0x00,0x00,0x00,0x00,0x00,0x00,0x62,0x00,0x00,0x00,0x14,
  0x00,0x00,0x00,0x0F,0x00,0x00,0x00,0x11,0x00,0x00,0x00,0x14,0x00,0x00,0x00,0x01,0x00,0x00,0x00,0x00,
  0x00,0x00,0x00,0x63,0x00,0x00,0x00,0x0F,0x00,0x00,0x00,0x0F,0x00,0x00,0x00,0x10,0x00,0x00,0x00,0x0F,
  0x00,0x00,0x00,0x01,0x00,0x00,0x00,0x00,0x00,0x00,0x00,0x64,0x00,0x00,0x00,0x14,0x00,0x00,0x00,0x0F,
  0x00,0x00,0x00,0x12,0x00,0x00,0x00,0x14,0x00,0x00,0x00,0x01,0x00,0x00,0x00,0x00,0x00,0x00,0x00,0x65,
  0x00,0x00,0x00,0x0F,0x00,0x00,0x00,0x0F,0x00,0x00,0x00,0x10,0x00,0x00,0x00,0x0F,0x00,0x00,0x00,0x01,
  0x00,0x00,0x00,0x00,0x00,0x00,0x00,0x66,0x00,0x00,0x00,0x14,0x00,0x00,0x00,0x0A,0x00,0x00,0x00,0x0B,
  0x00,0x00,0x00,0x14,0x00,0x00,0x00,0x00,0x00,0x00,0x00,0x00,0x00,0x00,0x00,0x67,0x00,0x00,0x00,0x15,
  0x00,0x00,0x00,0x0F,0x00,0x00,0x00,0x11,0x00,0x00,0x00,0x0F,0x00,0x00,0x00,0x01,0x00,0x00,0x00,0x00,
  0x00,0x00,0x00,0x68,0x00,0x00,0x00,0x14,0x00,0x00,0x00,0x0E,0x00,0x00,0x00,0x11,0x00,0x00,0x00,0x14,
  0x00,0x00,0x00,0x01,0x00,0x00,0x00,0x00,0x00,0x00,0x00,0x69,0x00,0x00,0x00,0x14,0x00,0x00,0x00,0x05,
  0x00,0x00,0x00,0x06,0x00,0x00,0x00,0x14,0x00,0x00,0x00,0x01,0x00,0x00,0x00,0x00,0x00,0x00,0x00,0x6A,
  0x00,0x00,0x00,0x1A,0x00,0x00,0x00,0x07,0x00,0x00,0x00,0x06,0x00,0x00,0x00,0x14,0xFF,0xFF,0xFF,0xFF,
  0x00,0x00,0x00,0x00,0x00,0x00,0x00,0x6B,0x00,0x00,0x00,0x14,0x00,0x00,0x00,0x0F,0x00,0x00,0x00,0x0F,
  0x00,0x00,0x00,0x14,0x00,0x00,0x00,0x01,0x00,0x00,0x00,0x00,0x00,0x00,0x00,0x6C,0x00,0x00,0x00,0x14,
  0x00,0x00,0x00,0x05,0x00,0x00,0x00,0x07,0x00,0x00,0x00,0x14,0x00,0x00,0x00,0x01,0x00,0x00,0x00,0x00,
  0x00,0x00,0x00,0x6D,0x00,0x00,0x00,0x0F,0x00,0x00,0x00,0x16,0x00,0x00,0x00,0x19,0x00,0x00,0x00,0x0F,
  0x00,0x00,0x00,0x01,0x00,0x00,0x00,0x00,0x00,0x00,0x00,0x6E,0x00,0x00,0x00,0x0F,0x00,0x00,0x00,0x0E,
  0x00,0x00,0x00,0x11,0x00,0x00,0x00,0x0F,0x00,0x00,0x00,0x01,0x00,0x00,0x00,0x00,0x00,0x00,0x00,0x6F,
  0x00,0x00,0x00,0x0F,0x00,0x00,0x00,0x0F,0x00,0x00,0x00,0x11,0x00,0x00,0x00,0x0F,0x00,0x00,0x00,0x01,
  0x00,0x00,0x00,0x00,0x00,0x00,0x00,0x70,0x00,0x00,0x00,0x15,0x00,0x00,0x00,0x0F,0x00,0x00,0x00,0x11,
  0x00,0x00,0x00,0x0F,0x00,0x00,0x00,0x01,0x00,0x00,0x00,0x00,0x00,0x00,0x00,0x71,0x00,0x00,0x00,0x15,
  0x00,0x00,0x00,0x0F,0x00,0x00,0x00,0x12,0x00,0x00,0x00,0x0F,0x00,0x00,0x00,0x01,0x00,0x00,0x00,0x00,
  0x00,0x00,0x00,0x72,0x00,0x00,0x00,0x10,0x00,0x00,0x00,0x09,0x00,0x00,0x00,0x0A,0x00,0x00,0x00,0x10,
  0x00,0x00,0x00,0x01,0x00,0x00,0x00,0x00,0x00,0x00,0x00,0x73,0x00,0x00,0x00,0x0F,0x00,0x00,0x00,0x0E,
  0x00,0x00,0x00,0x0F,0x00,0x00,0x00,0x0F,0x00,0x00,0x00,0x00,0x00,0x00,0x00,0x00,0x00,0x00,0x00,0x74,
  0x00,0x00,0x00,0x13,0x00,0x00,0x00,0x0B,0x00,0x00,0x00,0x0B,0x00,0x00,0x00,0x13,0x00,0x00,0x00,0x00,
  0x00,0x00,0x00,0x00,0x00,0x00,0x00,0x75,0x00,0x00,0x00,0x0F,0x00,0x00,0x00,0x0E,0x00,0x00,0x00,0x11,
  0x00,0x00,0x00,0x0F,0x00,0x00,0x00,0x01,0x00,0x00,0x00,0x00,0x00,0x00,0x00,0x76,0x00,0x00,0x00,0x0F,
  0x00,0x00,0x00,0x10,0x00,0x00,0x00,0x10,0x00,0x00,0x00,0x0F,0x00,0x00,0x00,0x00,0x00,0x00,0x00,0x00,
  0x00,0x00,0x00,0x77,0x00,0x00,0x00,0x0F,0x00,0x00,0x00,0x17,0x00,0x00,0x00,0x17,0x00,0x00,0x00,0x0F,
  0x00,0x00,0x00,0x00,0x00,0x00,0x00,0x00,0x00,0x00,0x00,0x78,0x00,0x00,0x00,0x0F,0x00,0x00,0x00,0x0F,
  0x00,0x00,0x00,0x0F,0x00,0x00,0x00,0x0F,0x00,0x00,0x00,0x00,0x00,0x00,0x00,0x00,0x00,0x00,0x00,0x79,
  0x00,0x00,0x00,0x15,0x00,0x00,0x00,0x10,0x00,0x00,0x00,0x10,0x00,0x00,0x00,0x0F,0x00,0x00,0x00,0x00,
  0x00,0x00,0x00,0x00,0x00,0x00,0x00,0x7A,0x00,0x00,0x00,0x0F,0x00,0x00,0x00,0x0C,0x00,0x00,0x00,0x0F,
  0x00,0x00,0x00,0x0F,0x00,0x00,0x00,0x01,0x00,0x00,0x00,0x00,0x00,0x00,0x00,0x7B,0x00,0x00,0x00,0x1A,
  0x00,0x00,0x00,0x0A,0x00,0x00,0x00,0x0D,0x00,0x00,0x00,0x16,0x00,0x00,0x00,0x02,0x00,0x00,0x00,0x00,
  0x00,0x00,0x00,0x7C,0x00,0x00,0x00,0x22,0x00,0x00,0x00,0x05,0x00,0x00,0x00,0x0A,0x00,0x00,0x00,0x1B,
  0x00,0x00,0x00,0x03,0x00,0x00,0x00,0x00,0x00,0x00,0x00,0x7D,0x00,0x00,0x00,0x1A,0x00,0x00,0x00,0x0B,
  0x00,0x00,0x00,0x0D,0x00,0x00,0x00,0x16,0x00,0x00,0x00,0x01,0x00,0x00,0x00,0x00,0x00,0x00,0x00,0x7E,
  0x00,0x00,0x00,0x06,0x00,0x00,0x00,0x0F,0x00,0x00,0x00,0x13,0x00,0x00,0x00,0x0B,0x00,0x00,0x00,0x02,
  0x00,0x00,0x00,0x00,0x00,0x00,0x00,0xB0,0x00,0x00,0x00,0x0A,0x00,0x00,0x00,0x0A,0x00,0x00,0x00,0x0C,
  0x00,0x00,0x00,0x15,0x00,0x00,0x00,0x01,0x00,0x00,0x00,0x00,0x00,0x00,0x00,0xB7,0x00,0x00,0x00,0x05,
  0x00,0x00,0x00,0x05,0x00,0x00,0x00,0x06,0x00,0x00,0x00,0x0C,0x00,0x00,0x00,0x01,0x00,0x00,0x00,0x00,
  0x00,0x00,0x20,0x22,0x00,0x00,0x00,0x09,0x00,0x00,0x00,0x09,0x00,0x00,0x00,0x0D,0x00,0x00,0x00,0x0D,
  0x00,0x00,0x00,0x02,0x00,0x00,0x00,0x00,0x00,0x00,0x20,0x26,0x00,0x00,0x00,0x05,0x00,0x00,0x00,0x14,
  0x00,0x00,0x00,0x16,0x00,0x00,0x00,0x05,0x00,0x00,0x00,0x01,0x00,0x00,0x00,0x00,0xFF,0xFF,0xFF,0xFF,
  0x18,0xFF,0xFF,0xFF,0xFF,0x18,0xFF,0xFF,0xFF,0xFF,0x18,0xFF,0xFF,0xFF,0xFF,0x18,0xFF,0xFF,0xFF,0xFF,
  0x18,0xFF,0xFF,0xFF,0xFF,0x18,0xFF,0xFF,0xFF,0xFF,0x18,0xFF,0xFF,0xFF,0xFF,0x18,0xFF,0xFF,0xFF,0xFF,
  0x18,0xFF,0xFF,0xFF,0xFF,0x18,0xFF,0xFF,0xFF,0xFF,0x18,0xFF,0xFF,0xFF,0xFF,0x18,0xFF,0xFF,0xFF,0xFF,
  0x18,0xFF,0xFF,0xFF,0xFF,0x18,0x00,0x00,0x00,0x00,0x00,0x33,0xDB,0xE3,0x43,0x00,0xCB,0xFF,0xFF,0xE2,
  0x00,0xF6,0xFF,0xFF,0xFF,0x0E,0xCB,0xFF,0xFF,0xE2,0x00,0x34,0xDB,0xE4,0x43,0x00,0xFF,0xFF,0xFF,0x00,
  0x00,0x00,0xFF,0xFF,0xFF,0xFF,0xFF,0xFF,0x00,0x00,0x00,0xFF,0xFF,0xFF,0xFF,0xFF,0xFF,0x00,0x00,0x00,
  0xFF,0xFF,0xFF,0xFF,0xFF,0xFF,0x00,0x00,0x00,0xFF,0xFF,0xFF,0xFF,0xFF,0xFF,0x00,0x00,0x00,0xFF,0xFF,
  0xFF,0xFF,0xFF,0xFF,0x00,0x00,0x00,0xFF,0xFF,0xFF,0xFF,0xFF,0xFF,0x00,0x00,0x00,0xFF,0xFF,0xFF,0xFF,
  0xFF,0xFF,0x00,0x00,0x00,0xFF,0xFF,0xFF,0x00,0x00,0x00,0x00,0x00,0xB6,0xFF,0xFF,0x5E,0x00,0x00,0x00,
  0x8E,0xFF,0xFF,0x86,0x00,0x00,0x00,0x00,0x00,0x00,0x00,0xE0,0xFF,0xFF,0x33,0x00,0x00,0x00,0xB8,0xFF,
  0xFF,0x5B,0x00,0x00,0x00,0x00,0x00,0x00,0x0C,0xFE,0xFF,0xFE,0x0A,0x00,0x00,0x00,0xE3,0xFF,0xFF,0x30,
  0x00,0x00,0x00,0x00,0x00,0x00,0x36,0xFF,0xFF,0xDD,0x00,0x00,0x00,0x0E,0xFF,0xFF,0xFD,0x08,0x00,0x00,
  0x00,0x13,0x48,0x48,0xA9,0xFF,0xFF,0xFA,0x48,0x48,0x48,0x81,0xFF,0xFF,0xFF,0x48,0x48,0x28,0x00,0x60,
  0xFF,0xFF,0xFF,0xFF,0xFF,0xFF,0xFF,0xFF,0xFF,0xFF,0xFF,0xFF,0xFF,0xFF,0xFF,0x75,0x00,0x88,0xFF,0xFF,
  0xFF,0xFF,0xFF,0xFF,0xFF,0xFF,0xFF,0xFF,0xFF,0xFF,0xFF,0xFF,0xFF,0x4E,0x00,0xB0,0xFF,0xFF,0xFF,0xFF,
  0xFF,0xFF,0xFF,0xFF,0xFF,0xFF,0xFF,0xFF,0xFF,0xFF,0xFF,0x27,0x00,0x00,0x00,0x0D,0xFE,0xFF,0xFD,0x0A,
  0x00,0x00,0x00,0xE4,0xFF,0xFF,0x2F,0x00,0x00,0x00,0x00,0x00,0x00,0x37,0xFF,0xFF,0xDC,0x00,0x00,0x00,
  0x0F,0xFF,0xFF,0xFC,0x08,0x00,0x00,0x00,0x00,0x00,0x00,0x62,0xFF,0xFF,0xB2,0x00,0x00,0x00,0x3A,0xFF,
  0xFF,0xDA,0x00,0x00,0x00,0x00,0x20,0x48,0x48,0xD4,0xFF,0xFF,0xCF,0x48,0x48,0x48,0xAC,0xFF,0xFF,0xF7,
  0x48,0x48,0x1C,0x00,0x8C,0xFF,0xFF,0xFF,0xFF,0xFF,0xFF,0xFF,0xFF,0xFF,0xFF,0xFF,0xFF,0xFF,0xFF,0xFF,
  0x4C,0x00,0xB4,0xFF,0xFF,0xFF,0xFF,0xFF,0xFF,0xFF,0xFF,0xFF,0xFF,0xFF,0xFF,0xFF,0xFF,0xFF,0x24,0x00,
  0xDC,0xFF,0xFF,0xFF,0xFF,0xFF,0xFF,0xFF,0xFF,0xFF,0xFF,0xFF,0xFF,0xFF,0xFF,0xF8,0x03,0x00,0x00,0x00,
  0x38,0xFF,0xFF,0xDC,0x00,0x00,0x00,0x0F,0xFF,0xFF,0xFC,0x07,0x00,0x00,0x00,0x00,0x00,0x00,0x62,0xFF,
  0xFF,0xB1,0x00,0x00,0x00,0x3A,0xFF,0xFF,0xD9,0x00,0x00,0x00,0x00,0x00,0x00,0x00,0x8D,0xFF,0xFF,0x86,
  0x00,0x00,0x00,0x65,0xFF,0xFF,0xAE,0x00,0x00,0x00,0x00,0x00,0x00,0x00,0xB8,0xFF,0xFF,0x5B,0x00,0x00,
  0x00,0x90,0xFF,0xFF,0x83,0x00,0x00,0x00,0x00,0x00,0x00,0x00,0xE3,0xFF,0xFF,0x31,0x00,0x00,0x00,0xBB,
  0xFF,0xFF,0x59,0x00,0x00,0x00,0x00,0x00,0x00,0x00,0x00,0x00,0x00,0x00,0x00,0x80,0x80,0x14,0x00,0x00,
  0x00,0x00,0x00,0x00,0x00,0x00,0x00,0x00,0x00,0x00,0x00,0x00,0xFF,0xFF,0x28,0x00,0x00,0x00,0x00,0x00,
  0x00,0x00,0x00,0x00,0x00,0x00,0x00,0x00,0x00,0xFF,0xFF,0x28,0x00,0x00,0x00,0x00,0x00,0x00,0x00,0x00,
  0x00,0x00,0x00,0x00,0x00,0x00,0xFF,0xFF,0x28,0x00,0x00,0x00,0x00,0x00,0x00,0x00,0x00,0x00,0x00,0x00,
  0x41,0x97,0xD5,0xFF,0xFF,0xFF,0xC2,0x75,0x18,0x00,0x00,0x00,0x00,0x00,0x00,0x17,0xB5,0xFF,0xFF,0xFF,
  0xFF,0xFF,0xFF,0xFF,0xFF,0xF1,0x64,0x00,0x00,0x00,0x00,0x0F,0xD2,0xFF,0xFF,0xFF,0xFF,0xFF,0xFF,0xFF,
  0xFF,0xFF,0xFF,0xFF,0x61,0x00,0x00,0x00,0x83,0xFF,0xFF,0xFF,0xFD,0xA3,0xFF,0xFF,0xA2,0xE4,0xFF,0xFF,
  0xFF,0xF1,0x0E,0x00,0x00,0xE4,0xFF,0xFF,0xFF,0x66,0x00,0xFF,0xFF,0x28,0x10,0xD9,0xFF,0xFF,0xFF,0x63,
  0x00,0x0A,0xFF,0xFF,0xFF,0xFF,0x0A,0x00,0xFF,0xFF,0x28,0x00,0x68,0xFF,0xFF,0xFF,0x8A,0x00,0x0A,0xFF,
  0xFF,0xFF,0xFF,0x43,0x00,0xFF,0xFF,0x28,0x00,0x09,0x24,0x24,0x24,0x16,0x00,0x00,0xD2,0xFF,0xFF,0xFF,
  0xF3,0x80,0xFF,0xFF,0x28,0x00,0x00,0x00,0x00,0x00,0x00,0x00,0x00,0x55,0xFF,0xFF,0xFF,0xFF,0xFF,0xFF,
  0xFF,0xD5,0x6F,0x28,0x00,0x00,0x00,0x00,0x00,0x00,0x00,0x71,0xFC,0xFF,0xFF,0xFF,0xFF,0xFF,0xFF,0xFF,
  0xFF,0xCC,0x52,0x00,0x00,0x00,0x00,0x00,0x00,0x2B,0xA3,0xF5,0xFF,0xFF,0xFF,0xFF,0xFF,0xFF,0xFF,0xFF,
  0x9A,0x01,0x00,0x00,0x00,0x00,0x00,0x00,0x08,0x42,0xFF,0xFF,0xFF,0xFF,0xFF,0xFF,0xFF,0xFF,0x6F,0x00,
  0x00,0x00,0x00,0x00,0x00,0x00,0x00,0xFF,0xFF,0x2E,0x5A,0xE5,0xFF,0xFF,0xFF,0xDD,0x00,0x8E,0x94,0x94,
  0x94,0x13,0x00,0x00,0xFF,0xFF,0x28,0x00,0x34,0xFF,0xFF,0xFF,0xFF,0x0C,0xDE,0xFF,0xFF,0xFF,0x4C,0x00,
  0x00,0xFF,0xFF,0x28,0x00,0x0E,0xFF,0xFF,0xFF,0xFE,0x07,0xAD,0xFF,0xFF,0xFF,0xD4,0x14,0x00,0xFF,0xFF,
  0x28,0x00,0x83,0xFF,0xFF,0xFF,0xDF,0x00,0x41,0xFF,0xFF,0xFF,0xFF,0xEB,0x89,0xFF,0xFF,0x93,0xBE,0xFF,
  0xFF,0xFF,0xFF,0x79,0x00,0x00,0x92,0xFF,0xFF,0xFF,0xFF,0xFF,0xFF,0xFF,0xFF,0xFF,0xFF,0xFF,0xFF,0xCA,
  0x0C,0x00,0x00,0x01,0x7C,0xF6,0xFF,0xFF,0xFF,0xFF,0xFF,0xFF,0xFF,0xFF,0xFF,0xAA,0x11,0x00,0x00,0x00,
  0x00,0x00,0x1C,0x72,0xB9,0xDE,0xFF,0xFF,0xFF,0xC9,0x87,0x33,0x00,0x00,0x00,0x00,0x00,0x00,0x00,0x00,
  0x00,0x00,0x00,0xFF,0xFF,0x28,0x00,0x00,0x00,0x00,0x00,0x00,0x00,0x00,0x00,0x00,0x00,0x00,0x00,0x00,
  0xFF,0xFF,0x28,0x00,0x00,0x00,0x00,0x00,0x00,0x00,0x00,0x00,0x00,0x00,0x00,0x00,0x00,0x80,0x80,0x14,
  0x00,0x00,0x00,0x00,0x00,0x00,0x00,0x00,0x10,0x8E,0xE0,0xF8,0xE0,0x90,0x11,0x00,0x00,0x00,0x00,0x00,
  0x00,0x00,0x00,0x1B,0xED,0xFF,0x8F,0x00,0x00,0x00,0x10,0xDA,0xFF,0xFF,0xFF,0xFF,0xFF,0xDB,0x10,0x00,
  0x00,0x00,0x00,0x00,0x00,0x02,0xBE,0xFF,0xD1,0x07,0x00,0x00,0x00,0x8F,0xFF,0xFF,0xFD,0xE4,0xFD,0xFF,
  0xFF,0x8F,0x00,0x00,0x00,0x00,0x00,0x00,0x79,0xFF,0xF7,0x2B,0x00,0x00,0x00,0x00,0xE0,0xFF,0xFF,0x47,
  0x00,0x47,0xFF,0xFF,0xE0,0x00,0x00,0x00,0x00,0x00,0x35,0xFA,0xFF,0x6A,0x00,0x00,0x00,0x00,0x00,0xFC,
  0xFF,0xEC,0x00,0x00,0x00,0xEC,0xFF,0xFC,0x00,0x00,0x00,0x00,0x0C,0xDB,0xFF,0xB3,0x00,0x00,0x00,0x00,
  0x00,0x00,0xF2,0xFF,0xF0,0x00,0x00,0x00,0xF0,0xFF,0xF1,0x00,0x00,0x00,0x00,0xA2,0xFF,0xE7,0x15,0x00,
  0x00,0x00,0x00,0x00,0x00,0xC0,0xFF,0xFF,0x69,0x0B,0x69,0xFF,0xFF,0xC0,0x00,0x00,0x00,0x59,0xFF,0xFE,
  0x47,0x00,0x00,0x00,0x00,0x00,0x00,0x00,0x4D,0xFF,0xFF,0xFF,0xFF,0xFF,0xFF,0xFF,0x4D,0x00,0x00,0x20,
  0xF0,0xFF,0x8E,0x00,0x00,0x00,0x00,0x00,0x00,0x00,0x00,0x00,0x6F,0xFA,0xFF,0xFF,0xFF,0xFA,0x6F,0x00,
  0x00,0x03,0xC5,0xFF,0xD0,0x07,0x00,0x00,0x00,0x00,0x00,0x00,0x00,0x00,0x00,0x00,0x18,0x61,0x79,0x61,
  0x17,0x00,0x00,0x00,0x82,0xFF,0xF6,0x2A,0x00,0x00,0x12,0x5F,0x77,0x5A,0x0C,0x00,0x00,0x00,0x00,0x00,
  0x00,0x00,0x00,0x00,0x00,0x00,0x3D,0xFC,0xFF,0x69,0x00,0x00,0x57,0xF5,0xFF,0xFF,0xFF,0xED,0x42,0x00,
  0x00,0x00,0x00,0x00,0x00,0x00,0x00,0x00,0x10,0xE1,0xFF,0xB2,0x00,0x00,0x32,0xFB,0xFF,0xFF,0xFF,0xFF,
  0xFF,0xF1,0x1D,0x00,0x00,0x00,0x00,0x00,0x00,0x00,0x00,0xAA,0xFF,0xE7,0x15,0x00,0x00,0xA9,0xFF,0xFF,
  0x7D,0x0F,0x95,0xFF,0xFF,0x89,0x00,0x00,0x00,0x00,0x00,0x00,0x00,0x63,0xFF,0xFE,0x46,0x00,0x00,0x00,
  0xE7,0xFF,0xF8,0x05,0x00,0x1B,0xFF,0xFF,0xC9,0x00,0x00,0x00,0x00,0x00,0x00,0x26,0xF4,0xFF,0x8D,0x00,
  0x00,0x00,0x00,0xFD,0xFF,0xE5,0x00,0x00,0x01,0xFF,0xFF,0xE0,0x00,0x00,0x00,0x00,0x00,0x06,0xCD,0xFF,
  0xD0,0x07,0x00,0x00,0x00,0x00,0xF4,0xFF,0xF4,0x01,0x00,0x12,0xFF,0xFF,0xD7,0x00,0x00,0x00,0x00,0x00,
  0x8C,0xFF,0xF6,0x29,0x00,0x00,0x00,0x00,0x00,0xD0,0xFF,0xFF,0x56,0x00,0x72,0xFF,0xFF,0xB2,0x00,0x00,
  0x00,0x00,0x45,0xFE,0xFF,0x68,0x00,0x00,0x00,0x00,0x00,0x00,0x77,0xFF,0xFF,0xFE,0xE6,0xFF,0xFF,0xFF,
  0x57,0x00,0x00,0x00,0x14,0xE6,0xFF,0xB1,0x00,0x00,0x00,0x00,0x00,0x00,0x00,0x06,0xC9,0xFF,0xFF,0xFF,
  0xFF,0xFF,0xB1,0x00,0x00,0x00,0x00,0xB3,0xFF,0xE6,0x14,0x00,0x00,0x00,0x00,0x00,0x00,0x00,0x00,0x0A,
  0x87,0xDF,0xF8,0xDA,0x7A,0x04,0x00,0x00,0x00,0x00,0x00,0x57,0xC0,0xED,0xF5,0xD2,0x77,0x06,0x00,0x00,
  0x00,0x00,0x00,0x00,0x00,0x00,0x00,0x00,0x99,0xFF,0xFF,0xFF,0xFF,0xFF,0xFF,0xC5,0x07,0x00,0x00,0x00,
  0x00,0x00,0x00,0x00,0x00,0x59,0xFF,0xFF,0xFF,0xFF,0xFF,0xFF,0xFF,0xFF,0x7F,0x00,0x00,0x00,0x00,0x00,
  0x00,0x00,0x00,0xC4,0xFF,0xFF,0xFF,0xCD,0x59,0xB3,0xFF,0xFF,0xDB,0x00,0x00,0x00,0x00,0x00,0x00,0x00,
  0x00,0xF1,0xFF,0xFF,0xFF,0x39,0x00,0x15,0xFF,0xFF,0xF8,0x00,0x00,0x00,0x00,0x00,0x00,0x00,0x00,0xF3,
  0xFF,0xFF,0xFF,0x25,0x00,0x28,0xFF,0xFF,0xDF,0x00,0x00,0x00,0x00,0x00,0x00,0x00,0x00,0xC3,0xFF,0xFF,
  0xFF,0x77,0x13,0xC6,0xFF,0xFF,0x80,0x00,0x00,0x00,0x00,0x00,0x00,0x00,0x00,0x5D,0xFF,0xFF,0xFF,0xFF,
  0xFF,0xFF,0xFF,0xDD,0x0A,0x00,0x00,0x00,0x00,0x00,0x00,0x00,0x00,0x02,0xC7,0xFF,0xFF,0xFF,0xFF,0xFF,
  0xDC,0x23,0x00,0x00,0x00,0x00,0x00,0x00,0x00,0x00,0x00,0x00,0x7C,0xFF,0xFF,0xFF,0xFF,0xFF,0x10,0x00,
  0x00,0x00,0x00,0x00,0x00,0x00,0x00,0x00,0x05,0x9B,0xFF,0xFF,0xFF,0xFF,0xFF,0xFF,0x70,0x00,0x00,0x0C,
  0xFF,0xFF,0xF8,0x00,0x00,0x04,0xB3,0xFF,0xFF,0xFF,0xFF,0xFF,0xFF,0xFF,0xFC,0x45,0x00,0x2F,0xFF,0xFF,
  0xE7,0x00,0x00,0x73,0xFF,0xFF,0xFF,0xD1,0x13,0x7A,0xFF,0xFF,0xFF,0xEE,0x24,0x7C,0xFF,0xFF,0xBF,0x00,
  0x00,0xD8,0xFF,0xFF,0xFF,0x3F,0x00,0x00,0x93,0xFF,0xFF,0xFF,0xE3,0xF8,0xFF,0xFF,0x81,0x00,0x00,0xF8,
  0xFF,0xFF,0xFF,0x24,0x00,0x00,0x02,0xAA,0xFF,0xFF,0xFF,0xFF,0xFF,0xFE,0x28,0x00,0x00,0xE1,0xFF,0xFF,
  0xFF,0x88,0x00,0x00,0x00,0x07,0xC9,0xFF,0xFF,0xFF,0xFF,0xA7,0x00,0x00,0x00,0x97,0xFF,0xFF,0xFF,0xFF,
  0xAD,0x5A,0x53,0x83,0xF2,0xFF,0xFF,0xFF,0xFF,0x6F,0x00,0x00,0x00,0x1E,0xEA,0xFF,0xFF,0xFF,0xFF,0xFF,
  0xFF,0xFF,0xFF,0xFF,0xFF,0xFF,0xFF,0xF7,0x34,0x00,0x00,0x00,0x31,0xDC,0xFF,0xFF,0xFF,0xFF,0xFF,0xFF,
  0xFF,0xFA,0xA2,0xEF,0xFF,0xFF,0xE4,0x18,0x00,0x00,0x00,0x09,0x6A,0xBC,0xE5,0xF9,0xEF,0xC7,0x82,0x1D,
  0x00,0x34,0xF3,0xFF,0xFF,0xC7,0x07,0xFF,0xFF,0xFF,0xFF,0xFF,0xFF,0xFF,0xFF,0xFF,0xFF,0xFF,0xFF,0xFF,
  0xFF,0xFF,0xFF,0xFF,0xFF,0xFF,0xFF,0xFF,0xFF,0xFF,0xFF,0x00,0x00,0x0F,0xEE,0xFF,0xFF,0xE7,0x04,0x00,
  0x00,0x80,0xFF,0xFF,0xFF,0x85,0x00,0x00,0x03,0xE7,0xFF,0xFF,0xFF,0x26,0x00,0x00,0x4B,0xFF,0xFF,0xFF,
  0xD1,0x00,0x00,0x00,0x9E,0xFF,0xFF,0xFF,0x80,0x00,0x00,0x00,0xE4,0xFF,0xFF,0xFF,0x3C,0x00,0x00,0x27,
  0xFF,0xFF,0xFF,0xF4,0x05,0x00,0x00,0x5C,0xFF,0xFF,0xFF,0xC4,0x00,0x00,0x00,0x8E,0xFF,0xFF,0xFF,0x91,
  0x00,0x00,0x00,0xB2,0xFF,0xFF,0xFF,0x68,0x00,0x00,0x00,0xD2,0xFF,0xFF,0xFF,0x49,0x00,0x00,0x00,0xE9,
  0xFF,0xFF,0xFF,0x2F,0x00,0x00,0x00,0xF4,0xFF,0xFF,0xFF,0x23,0x00,0x00,0x00,0xFD,0xFF,0xFF,0xFF,0x1A,
  0x00,0x00,0x00,0xF2,0xFF,0xFF,0xFF,0x21,0x00,0x00,0x00,0xE2,0xFF,0xFF,0xFF,0x2D,0x00,0x00,0x00,0xD1,
  0xFF,0xFF,0xFF,0x4A,0x00,0x00,0x00,0xAD,0xFF,0xFF,0xFF,0x6D,0x00,0x00,0x00,0x7B,0xFF,0xFF,0xFF,0xA2,
  0x00,0x00,0x00,0x49,0xFF,0xFF,0xFF,0xDB,0x00,0x00,0x00,0x0E,0xF9,0xFF,0xFF,0xFF,0x23,0x00,0x00,0x00,
  0xB3,0xFF,0xFF,0xFF,0x6F,0x00,0x00,0x00,0x5D,0xFF,0xFF,0xFF,0xC7,0x00,0x00,0x00,0x0B,0xEC,0xFF,0xFF,
  0xFF,0x22,0x00,0x00,0x00,0x7A,0xFF,0xFF,0xFF,0x85,0x00,0x00,0x00,0x0D,0xED,0xFF,0xFF,0xE7,0x04,0xD3,
  0xFF,0xFF,0xF8,0x1C,0x00,0x00,0x00,0x6A,0xFF,0xFF,0xFF,0x97,0x00,0x00,0x00,0x10,0xF9,0xFF,0xFF,0xF5,
  0x0D,0x00,0x00,0x00,0xB6,0xFF,0xFF,0xFF,0x63,0x00,0x00,0x00,0x65,0xFF,0xFF,0xFF,0xB4,0x00,0x00,0x00,
  0x23,0xFF,0xFF,0xFF,0xF4,0x07,0x00,0x00,0x00,0xE1,0xFF,0xFF,0xFF,0x3D,0x00,0x00,0x00,0xAE,0xFF,0xFF,
  0xFF,0x70,0x00,0x00,0x00,0x7D,0xFF,0xFF,0xFF,0xA1,0x00,0x00,0x00,0x54,0xFF,0xFF,0xFF,0xC6,0x00,0x00,
  0x00,0x35,0xFF,0xFF,0xFF,0xE7,0x00,0x00,0x00,0x18,0xFF,0xFF,0xFF,0xFE,0x01,0x00,0x00,0x0C,0xFF,0xFF,
  0xFF,0xFF,0x0B,0x00,0x00,0x03,0xFF,0xFF,0xFF,0xFF,0x14,0x00,0x00,0x0A,0xFF,0xFF,0xFF,0xFF,0x09,0x00,
  0x00,0x17,0xFF,0xFF,0xFF,0xF8,0x00,0x00,0x00,0x37,0xFF,0xFF,0xFF,0xE7,0x00,0x00,0x00,0x5A,0xFF,0xFF,
  0xFF,0xC2,0x00,0x00,0x00,0x8E,0xFF,0xFF,0xFF,0x8F,0x00,0x00,0x00,0xC6,0xFF,0xFF,0xFF,0x5C,0x00,0x00,
  0x11,0xFC,0xFF,0xFF,0xFE,0x1D,0x00,0x00,0x59,0xFF,0xFF,0xFF,0xC6,0x00,0x00,0x00,0xB0,0xFF,0xFF,0xFF,
  0x70,0x00,0x00,0x10,0xF8,0xFF,0xFF,0xF6,0x16,0x00,0x00,0x6E,0xFF,0xFF,0xFF,0x8F,0x00,0x00,0x00,0xD4,
  0xFF,0xFF,0xF8,0x1A,0x00,0x00,0x00,0x00,0x00,0x00,0x00,0x00,0xFF,0xFF,0x28,0x00,0x00,0x00,0x00,0x00,
  0x13,0x0C,0x00,0x00,0xFF,0xFF,0x28,0x00,0x04,0x1B,0x00,0x00,0xA5,0xDE,0x42,0x00,0xFF,0xFF,0x28,0x2D,
  0xCC,0xCA,0x01,0x36,0xFF,0xFF,0xFE,0x98,0xFF,0xFF,0x9D,0xF9,0xFF,0xFF,0x5D,0x01,0x4F,0xC8,0xFF,0xFF,
  0xFF,0xFF,0xFF,0xFF,0xD8,0x62,0x05,0x00,0x00,0x00,0x78,0xFF,0xFF,0xFF,0xFF,0xA0,0x03,0x00,0x00,0x00,
  0x46,0xBF,0xFF,0xFF,0xFF,0xFF,0xFF,0xFF,0xD2,0x59,0x03,0x37,0xFF,0xFF,0xFE,0x99,0xFF,0xFF,0x9D,0xFA,
  0xFF,0xFF,0x5E,0x00,0xA7,0xDF,0x42,0x00,0xFF,0xFF,0x28,0x2D,0xCD,0xCC,0x02,0x00,0x14,0x0C,0x00,0x00,
  0xFF,0xFF,0x28,0x00,0x04,0x1B,0x00,0x00,0x00,0x00,0x00,0x00,0xFF,0xFF,0x28,0x00,0x00,0x00,0x00,0x00,
  0x00,0x00,0x00,0x00,0x00,0xFF,0xFF,0xFF,0x00,0x00,0x00,0x00,0x00,0x00,0x00,0x00,0x00,0x00,0x00,0x00,
  0xFF,0xFF,0xFF,0x00,0x00,0x00,0x00,0x00,0x00,0x00,0x00,0x00,0x00,0x00,0x00,0xFF,0xFF,0xFF,0x00,0x00,
  0x00,0x00,0x00,0x00,0x00,0x00,0x00,0x00,0x00,0x00,0xFF,0xFF,0xFF,0x00,0x00,0x00,0x00,0x00,0x00,0x00,
  0x00,0x00,0x00,0x00,0x00,0xFF,0xFF,0xFF,0x00,0x00,0x00,0x00,0x00,0x00,0x24,0x48,0x48,0x48,0x48,0x48,
  0xFF,0xFF,0xFF,0x48,0x48,0x48,0x48,0x48,0x24,0x80,0xFF,0xFF,0xFF,0xFF,0xFF,0xFF,0xFF,0xFF,0xFF,0xFF,
  0xFF,0xFF,0xFF,0x80,0x80,0xFF,0xFF,0xFF,0xFF,0xFF,0xFF,0xFF,0xFF,0xFF,0xFF,0xFF,0xFF,0xFF,0x80,0x80,
  0xFF,0xFF,0xFF,0xFF,0xFF,0xFF,0xFF,0xFF,0xFF,0xFF,0xFF,0xFF,0xFF,0x80,0x00,0x00,0x00,0x00,0x00,0x00,
  0xFF,0xFF,0xFF,0x00,0x00,0x00,0x00,0x00,0x00,0x00,0x00,0x00,0x00,0x00,0x00,0xFF,0xFF,0xFF,0x00,0x00,
  0x00,0x00,0x00,0x00,0x00,0x00,0x00,0x00,0x00,0x00,0xFF,0xFF,0xFF,0x00,0x00,0x00,0x00,0x00,0x00,0x00,
  0x00,0x00,0x00,0x00,0x00,0xFF,0xFF,0xFF,0x00,0x00,0x00,0x00,0x00,0x00,0x00,0x00,0x00,0x00,0x00,0x00,
  0xFF,0xFF,0xFF,0x00,0x00,0x00,0x00,0x00,0x00,0x00,0x26,0xFF,0xFF,0xFF,0xB4,0x00,0x48,0xFF,0xFF,0xFF,
  0x6F,0x00,0x6A,0xFF,0xFF,0xFF,0x29,0x00,0x8C,0xFF,0xFF,0xE3,0x00,0x00,0xAE,0xFF,0xFF,0x9E,0x00,0x00,
  0xD0,0xFF,0xFF,0x59,0x00,0x00,0xF1,0xFF,0xFE,0x15,0x00,0x13,0xFF,0xFF,0xCE,0x00,0x00,0x48,0x48,0x48,
  0x48,0x48,0x48,0x48,0x48,0x48,0xFF,0xFF,0xFF,0xFF,0xFF,0xFF,0xFF,0xFF,0xFF,0xFF,0xFF,0xFF,0xFF,0xFF,
  0xFF,0xFF,0xFF,0xFF,0xFF,0xFF,0xFF,0xFF,0xFF,0xFF,0xFF,0xFF,0xFF,0x32,0xDA,0xE2,0x41,0x00,0xCA,0xFF,
  0xFF,0xE1,0x00,0xF6,0xFF,0xFF,0xFF,0x0E,0xCA,0xFF,0xFF,0xE1,0x00,0x34,0xDB,0xE3,0x43,0x00,0x00,0x00,
  0x00,0x00,0x00,0x00,0x30,0x80,0x80,0x80,0x13,0x00,0x00,0x00,0x00,0x00,0x00,0x95,0xFF,0xFF,0xF0,0x03,
  0x00,0x00,0x00,0x00,0x00,0x00,0xD9,0xFF,0xFF,0xAE,0x00,0x00,0x00,0x00,0x00,0x00,0x1E,0xFF,0xFF,0xFF,
  0x69,0x00,0x00,0x00,0x00,0x00,0x00,0x63,0xFF,0xFF,0xFF,0x25,0x00,0x00,0x00,0x00,0x00,0x00,0xA7,0xFF,
  0xFF,0xE0,0x00,0x00,0x00,0x00,0x00,0x00,0x01,0xEA,0xFF,0xFF,0x9C,0x00,0x00,0x00,0x00,0x00,0x00,0x30,
  0xFF,0xFF,0xFF,0x57,0x00,0x00,0x00,0x00,0x00,0x00,0x75,0xFF,0xFF,0xFE,0x14,0x00,0x00,0x00,0x00,0x00,
  0x00,0xB9,0xFF,0xFF,0xCE,0x00,0x00,0x00,0x00,0x00,0x00,0x07,0xF6,0xFF,0xFF,0x89,0x00,0x00,0x00,0x00,
  0x00,0x00,0x43,0xFF,0xFF,0xFF,0x45,0x00,0x00,0x00,0x00,0x00,0x00,0x87,0xFF,0xFF,0xF7,0x09,0x00,0x00,
  0x00,0x00,0x00,0x00,0xCC,0xFF,0xFF,0xBC,0x00,0x00,0x00,0x00,0x00,0x00,0x12,0xFD,0xFF,0xFF,0x77,0x00,
  0x00,0x00,0x00,0x00,0x00,0x55,0xFF,0xFF,0xFF,0x33,0x00,0x00,0x00,0x00,0x00,0x00,0x99,0xFF,0xFF,0xEC,
  0x02,0x00,0x00,0x00,0x00,0x00,0x00,0xDE,0xFF,0xFF,0xA9,0x00,0x00,0x00,0x00,0x00,0x00,0x22,0xFF,0xFF,
  0xFF,0x65,0x00,0x00,0x00,0x00,0x00,0x00,0x67,0xFF,0xFF,0xFF,0x20,0x00,0x00,0x00,0x00,0x00,0x00,0xAC,
  0xFF,0xFF,0xDC,0x00,0x00,0x00,0x00,0x00,0x00,0x02,0xED,0xFF,0xFF,0x97,0x00,0x00,0x00,0x00,0x00,0x00,
  0x35,0xFF,0xFF,0xFF,0x53,0x00,0x00,0x00,0x00,0x00,0x00,0x79,0xFF,0xFF,0xFD,0x11,0x00,0x00,0x00,0x00,
  0x00,0x00,0xBE,0xFF,0xFF,0xCA,0x00,0x00,0x00,0x00,0x00,0x00,0x00,0x00,0x00,0x00,0x00,0x34,0x9B,0xD9,
  0xF6,0xF8,0xDE,0xA3,0x3F,0x00,0x00,0x00,0x00,0x00,0x00,0x00,0x06,0x96,0xFE,0xFF,0xFF,0xFF,0xFF,0xFF,
  0xFF,0xFF,0xA7,0x0B,0x00,0x00,0x00,0x00,0x01,0xAB,0xFF,0xFF,0xFF,0xFF,0xFF,0xFF,0xFF,0xFF,0xFF,0xFF,
  0xBE,0x05,0x00,0x00,0x00,0x67,0xFF,0xFF,0xFF,0xFF,0xBB,0x61,0x5D,0xAF,0xFF,0xFF,0xFF,0xFF,0x7E,0x00,
  0x00,0x06,0xE8,0xFF,0xFF,0xFF,0x99,0x00,0x00,0x00,0x00,0x82,0xFF,0xFF,0xFF,0xF3,0x12,0x00,0x47,0xFF,
  0xFF,0xFF,0xEB,0x08,0x00,0x00,0x00,0x00,0x02,0xDA,0xFF,0xFF,0xFF,0x5E,0x00,0x93,0xFF,0xFF,0xFF,0x8F,
  0x00,0x00,0x00,0x00,0x00,0x00,0x77,0xFF,0xFF,0xFF,0xAA,0x00,0xC9,0xFF,0xFF,0xFF,0x54,0x00,0x00,0x00,
  0x00,0x00,0x00,0x3D,0xFF,0xFF,0xFF,0xE1,0x00,0xE0,0xFF,0xFF,0xFF,0x2F,0x00,0x00,0x00,0x00,0x00,0x00,
  0x17,0xFF,0xFF,0xFF,0xF7,0x00,0xF5,0xFF,0xFF,0xFF,0x1F,0x00,0x00,0x00,0x00,0x00,0x00,0x08,0xFF,0xFF,
  0xFF,0xFF,0x0D,0xF5,0xFF,0xFF,0xFF,0x1F,0x00,0x00,0x00,0x00,0x00,0x00,0x07,0xFF,0xFF,0xFF,0xFF,0x0C,
  0xE0,0xFF,0xFF,0xFF,0x2E,0x00,0x00,0x00,0x00,0x00,0x00,0x17,0xFF,0xFF,0xFF,0xF7,0x00,0xCA,0xFF,0xFF,
  0xFF,0x53,0x00,0x00,0x00,0x00,0x00,0x00,0x3C,0xFF,0xFF,0xFF,0xE2,0x00,0x94,0xFF,0xFF,0xFF,0x8E,0x00,
  0x00,0x00,0x00,0x00,0x00,0x76,0xFF,0xFF,0xFF,0xAC,0x00,0x48,0xFF,0xFF,0xFF,0xEA,0x08,0x00,0x00,0x00,
  0x00,0x01,0xD9,0xFF,0xFF,0xFF,0x60,0x00,0x07,0xE9,0xFF,0xFF,0xFF,0x95,0x00,0x00,0x00,0x00,0x7E,0xFF,
  0xFF,0xFF,0xF6,0x14,0x00,0x00,0x69,0xFF,0xFF,0xFF,0xFF,0xB9,0x60,0x5C,0xAC,0xFF,0xFF,0xFF,0xFF,0x84,
  0x00,0x00,0x00,0x01,0xAD,0xFF,0xFF,0xFF,0xFF,0xFF,0xFF,0xFF,0xFF,0xFF,0xFF,0xC3,0x06,0x00,0x00,0x00,
  0x00,0x06,0x9A,0xFF,0xFF,0xFF,0xFF,0xFF,0xFF,0xFF,0xFF,0xAC,0x0D,0x00,0x00,0x00,0x00,0x00,0x00,0x00,
  0x37,0x9D,0xDB,0xF8,0xF9,0xDF,0xA5,0x42,0x00,0x00,0x00,0x00,0x00,0x00,0x00,0x00,0x15,0x9F,0xFF,0xFF,
  0xFF,0xFF,0x18,0x00,0x01,0x65,0xED,0xFF,0xFF,0xFF,0xFF,0xFF,0x18,0x2E,0xC6,0xFF,0xFF,0xFF,0xFF,0xFF,
  0xFF,0xFF,0x18,0xFB,0xFF,0xFF,0xFF,0xF0,0xFF,0xFF,0xFF,0xFF,0x18,0xFF,0xFF,0xFF,0xA8,0x18,0xFF,0xFF,
  0xFF,0xFF,0x18,0xFF,0xDB,0x45,0x00,0x00,0xFF,0xFF,0xFF,0xFF,0x18,0x81,0x08,0x00,0x00,0x00,0xFF,0xFF,
  0xFF,0xFF,0x18,0x00,0x00,0x00,0x00,0x00,0xFF,0xFF,0xFF,0xFF,0x18,0x00,0x00,0x00,0x00,0x00,0xFF,0xFF,
  0xFF,0xFF,0x18,0x00,0x00,0x00,0x00,0x00,0xFF,0xFF,0xFF,0xFF,0x18,0x00,0x00,0x00,0x00,0x00,0xFF,0xFF,
  0xFF,0xFF,0x18,0x00,0x00,0x00,0x00,0x00,0xFF,0xFF,0xFF,0xFF,0x18,0x00,0x00,0x00,0x00,0x00,0xFF,0xFF,
  0xFF,0xFF,0x18,0x00,0x00,0x00,0x00,0x00,0xFF,0xFF,0xFF,0xFF,0x18,0x00,0x00,0x00,0x00,0x00,0xFF,0xFF,
  0xFF,0xFF,0x18,0x00,0x00,0x00,0x00,0x00,0xFF,0xFF,0xFF,0xFF,0x18,0x00,0x00,0x00,0x00,0x00,0xFF,0xFF,
  0xFF,0xFF,0x18,0x00,0x00,0x00,0x00,0x00,0xFF,0xFF,0xFF,0xFF,0x18,0x00,0x00,0x00,0x00,0x00,0xFF,0xFF,
  0xFF,0xFF,0x18,0x00,0x00,0x00,0x00,0x00,0xFF,0xFF,0xFF,0xFF,0x18,0x00,0x00,0x00,0x2D,0x8F,0xD3,0xEE,
  0xF5,0xDC,0xA6,0x4D,0x00,0x00,0x00,0x00,0x00,0x03,0x84,0xFD,0xFF,0xFF,0xFF,0xFF,0xFF,0xFF,0xFF,0xBD,
  0x1A,0x00,0x00,0x00,0x89,0xFF,0xFF,0xFF,0xFF,0xFF,0xFF,0xFF,0xFF,0xFF,0xFF,0xD1,0x0D,0x00,0x34,0xFE,
  0xFF,0xFF,0xFF,0xC4,0x5F,0x53,0x9F,0xFF,0xFF,0xFF,0xFF,0x7C,0x00,0x9A,0xFF,0xFF,0xFF,0xC3,0x04,0x00,
  0x00,0x00,0x85,0xFF,0xFF,0xFF,0xDE,0x00,0xD7,0xFF,0xFF,0xFF,0x4E,0x00,0x00,0x00,0x00,0x1C,0xFF,0xFF,
  0xFF,0xFD,0x06,0xE3,0xF0,0xF0,0xF0,0x20,0x00,0x00,0x00,0x00,0x08,0xFF,0xFF,0xFF,0xFF,0x0C,0x00,0x00,
  0x00,0x00,0x00,0x00,0x00,0x00,0x00,0x39,0xFF,0xFF,0xFF,0xE7,0x00,0x00,0x00,0x00,0x00,0x00,0x00,0x00,
  0x00,0x02,0xBD,0xFF,0xFF,0xFF,0x92,0x00,0x00,0x00,0x00,0x00,0x00,0x00,0x00,0x01,0x96,0xFF,0xFF,0xFF,
  0xF1,0x19,0x00,0x00,0x00,0x00,0x00,0x00,0x00,0x02,0x9B,0xFF,0xFF,0xFF,0xFE,0x50,0x00,0x00,0x00,0x00,
  0x00,0x00,0x00,0x09,0xAE,0xFF,0xFF,0xFF,0xFF,0x6A,0x00,0x00,0x00,0x00,0x00,0x00,0x00,0x13,0xC6,0xFF,
  0xFF,0xFF,0xFE,0x69,0x00,0x00,0x00,0x00,0x00,0x00,0x00,0x22,0xD9,0xFF,0xFF,0xFF,0xFA,0x5A,0x00,0x00,
  0x00,0x00,0x00,0x00,0x00,0x34,0xE9,0xFF,0xFF,0xFF,0xF4,0x47,0x00,0x00,0x00,0x00,0x00,0x00,0x00,0x4B,
  0xF4,0xFF,0xFF,0xFF,0xEC,0x36,0x00,0x00,0x00,0x00,0x00,0x00,0x00,0x65,0xFC,0xFF,0xFF,0xFF,0xFB,0x70,
  0x48,0x48,0x48,0x48,0x48,0x48,0x48,0x06,0xFF,0xFF,0xFF,0xFF,0xFF,0xFF,0xFF,0xFF,0xFF,0xFF,0xFF,0xFF,
  0xFF,0xFF,0x18,0xFF,0xFF,0xFF,0xFF,0xFF,0xFF,0xFF,0xFF,0xFF,0xFF,0xFF,0xFF,0xFF,0xFF,0x18,0xFF,0xFF,
  0xFF,0xFF,0xFF,0xFF,0xFF,0xFF,0xFF,0xFF,0xFF,0xFF,0xFF,0xFF,0x18,0x00,0x00,0x00,0x2F,0x87,0xCB,0xE7,
  0xFA,0xEC,0xD4,0x96,0x43,0x00,0x00,0x00,0x00,0x00,0x0A,0x9E,0xFE,0xFF,0xFF,0xFF,0xFF,0xFF,0xFF,0xFF,
  0xFF,0xC2,0x1D,0x00,0x00,0x06,0xBC,0xFF,0xFF,0xFF,0xFF,0xFF,0xFF,0xFF,0xFF,0xFF,0xFF,0xFF,0xE2,0x18,
  0x00,0x6B,0xFF,0xFF,0xFF,0xFF,0xBB,0x67,0x4D,0x60,0xAB,0xFE,0xFF,0xFF,0xFF,0x9B,0x00,0xCE,0xFF,0xFF,
  0xFF,0x8F,0x00,0x00,0x00,0x00,0x00,0x78,0xFF,0xFF,0xFF,0xE3,0x00,0xB5,0xC0,0xC0,0xC0,0x1D,0x00,0x00,
  0x00,0x00,0x00,0x23,0xFF,0xFF,0xFF,0xF5,0x00,0x00,0x00,0x00,0x00,0x00,0x00,0x00,0x00,0x00,0x00,0x76,
  0xFF,0xFF,0xFF,0xB7,0x00,0x00,0x00,0x00,0x00,0x00,0x33,0x48,0x4C,0x68,0xB3,0xFF,0xFF,0xFF,0xEA,0x28,
  0x00,0x00,0x00,0x00,0x00,0x00,0xB8,0xFF,0xFF,0xFF,0xFF,0xFF,0xEE,0x9D,0x15,0x00,0x00,0x00,0x00,0x00,
  0x00,0x00,0xB8,0xFF,0xFF,0xFF,0xFF,0xFE,0xAB,0x4D,0x00,0x00,0x00,0x00,0x00,0x00,0x00,0x00,0xB8,0xFF,
  0xFF,0xFF,0xFF,0xFF,0xFF,0xFF,0xA0,0x02,0x00,0x00,0x00,0x00,0x00,0x00,0x00,0x00,0x08,0x2D,0x8B,0xFC,
  0xFF,0xFF,0xFF,0x6B,0x00,0x00,0x00,0x00,0x00,0x00,0x00,0x00,0x00,0x00,0x00,0x6E,0xFF,0xFF,0xFF,0xDA,
  0x00,0xAC,0xB4,0xB4,0xB4,0x17,0x00,0x00,0x00,0x00,0x00,0x0D,0xFF,0xFF,0xFF,0xFF,0x0A,0xDA,0xFF,0xFF,
  0xFF,0x4A,0x00,0x00,0x00,0x00,0x00,0x1E,0xFF,0xFF,0xFF,0xFD,0x07,0x9C,0xFF,0xFF,0xFF,0xC7,0x08,0x00,
  0x00,0x00,0x00,0x9C,0xFF,0xFF,0xFF,0xD8,0x00,0x31,0xFD,0xFF,0xFF,0xFF,0xD4,0x6E,0x4E,0x64,0xC0,0xFF,
  0xFF,0xFF,0xFF,0x6A,0x00,0x00,0x7B,0xFF,0xFF,0xFF,0xFF,0xFF,0xFF,0xFF,0xFF,0xFF,0xFF,0xFF,0xB6,0x05,
  0x00,0x00,0x00,0x70,0xF8,0xFF,0xFF,0xFF,0xFF,0xFF,0xFF,0xFF,0xFD,0x98,0x09,0x00,0x00,0x00,0x00,0x00,
  0x20,0x7E,0xC9,0xE6,0xFA,0xEA,0xCD,0x89,0x2F,0x00,0x00,0x00,0x00,0x00,0x00,0x00,0x00,0x00,0x00,0x00,
  0x00,0x89,0xFF,0xFF,0xFF,0xFF,0xFF,0x18,0x00,0x00,0x00,0x00,0x00,0x00,0x00,0x00,0x00,0x3B,0xFD,0xFF,
  0xFF,0xFF,0xFF,0xFF,0x18,0x00,0x00,0x00,0x00,0x00,0x00,0x00,0x00,0x0C,0xDD,0xFF,0xFF,0xFF,0xFF,0xFF,
  0xFF,0x18,0x00,0x00,0x00,0x00,0x00,0x00,0x00,0x00,0x9B,0xFF,0xFF,0xFF,0xFF,0xFF,0xFF,0xFF,0x18,0x00,
  0x00,0x00,0x00,0x00,0x00,0x00,0x4B,0xFF,0xFF,0xFF,0x9D,0xFF,0xFF,0xFF,0xFF,0x18,0x00,0x00,0x00,0x00,
  0x00,0x00,0x14,0xE7,0xFF,0xFF,0xE2,0x0E,0xFF,0xFF,0xFF,0xFF,0x18,0x00,0x00,0x00,0x00,0x00,0x00,0xAC,
  0xFF,0xFF,0xFE,0x44,0x00,0xFF,0xFF,0xFF,0xFF,0x18,0x00,0x00,0x00,0x00,0x00,0x5E,0xFF,0xFF,0xFF,0x96,
  0x00,0x00,0xFF,0xFF,0xFF,0xFF,0x18,0x00,0x00,0x00,0x00,0x1D,0xF0,0xFF,0xFF,0xDD,0x0B,0x00,0x00,0xFF,
  0xFF,0xFF,0xFF,0x18,0x00,0x00,0x00,0x01,0xBD,0xFF,0xFF,0xFE,0x3E,0x00,0x00,0x00,0xFF,0xFF,0xFF,0xFF,
  0x18,0x00,0x00,0x00,0x70,0xFF,0xFF,0xFF,0x8F,0x00,0x00,0x00,0x00,0xFF,0xFF,0xFF,0xFF,0x18,0x00,0x00,
  0x29,0xF7,0xFF,0xFF,0xD9,0x09,0x00,0x00,0x00,0x00,0xFF,0xFF,0xFF,0xFF,0x18,0x00,0x00,0xCC,0xFF,0xFF,
  0xFF,0x80,0x48,0x48,0x48,0x48,0x48,0xFF,0xFF,0xFF,0xFF,0x60,0x48,0x24,0xFF,0xFF,0xFF,0xFF,0xFF,0xFF,
  0xFF,0xFF,0xFF,0xFF,0xFF,0xFF,0xFF,0xFF,0xFF,0xFF,0x80,0xFF,0xFF,0xFF,0xFF,0xFF,0xFF,0xFF,0xFF,0xFF,
  0xFF,0xFF,0xFF,0xFF,0xFF,0xFF,0xFF,0x80,0xFF,0xFF,0xFF,0xFF,0xFF,0xFF,0xFF,0xFF,0xFF,0xFF,0xFF,0xFF,
  0xFF,0xFF,0xFF,0xFF,0x80,0x00,0x00,0x00,0x00,0x00,0x00,0x00,0x00,0x00,0x00,0xFF,0xFF,0xFF,0xFF,0x18,
  0x00,0x00,0x00,0x00,0x00,0x00,0x00,0x00,0x00,0x00,0x00,0x00,0xFF,0xFF,0xFF,0xFF,0x18,0x00,0x00,0x00,
  0x00,0x00,0x00,0x00,0x00,0x00,0x00,0x00,0x00,0xFF,0xFF,0xFF,0xFF,0x18,0x00,0x00,0x00,0x00,0x00,0x00,
  0x00,0x00,0x00,0x00,0x00,0x00,0xFF,0xFF,0xFF,0xFF,0x18,0x00,0x00,0x00,0xFF,0xFF,0xFF,0xFF,0xFF,0xFF,
  0xFF,0xFF,0xFF,0xFF,0xFF,0xFF,0xFF,0x00,0x00,0x00,0xFF,0xFF,0xFF,0xFF,0xFF,0xFF,0xFF,0xFF,0xFF,0xFF,
  0xFF,0xFF,0xFF,0x00,0x00,0x00,0xFF,0xFF,0xFF,0xFF,0xFF,0xFF,0xFF,0xFF,0xFF,0xFF,0xFF,0xFF,0xFF,0x00,
  0x00,0x00,0xFF,0xFF,0xFF,0xC9,0x48,0x48,0x48,0x48,0x48,0x48,0x48,0x48,0x48,0x00,0x00,0x00,0xFF,0xFF,
  0xFF,0x9F,0x00,0x00,0x00,0x00,0x00,0x00,0x00,0x00,0x00,0x00,0x00,0x00,0xFF,0xFF,0xFF,0x89,0x00,0x00,
  0x00,0x00,0x00,0x00,0x00,0x00,0x00,0x00,0x00,0x00,0xFF,0xFF,0xFF,0x72,0x35,0xA9,0xE7,0xF9,0xE5,0xA7,
  0x3E,0x00,0x00,0x00,0x00,0x00,0xFF,0xFF,0xFF,0xBD,0xFD,0xFF,0xFF,0xFF,0xFF,0xFF,0xFF,0x9B,0x05,0x00,
  0x00,0x00,0xFF,0xFF,0xFF,0xFF,0xFF,0xFF,0xFF,0xFF,0xFF,0xFF,0xFF,0xFF,0x9B,0x00,0x00,0x00,0xFF,0xFF,
  0xFF,0xFF,0xCC,0x6E,0x4F,0x6D,0xD9,0xFF,0xFF,0xFF,0xFF,0x40,0x00,0x00,0xFF,0xFF,0xFF,0xA4,0x03,0x00,
  0x00,0x00,0x0C,0xCF,0xFF,0xFF,0xFF,0xAF,0x00,0x00,0x24,0x24,0x24,0x08,0x00,0x00,0x00,0x00,0x00,0x49,
  0xFF,0xFF,0xFF,0xF2,0x00,0x00,0x00,0x00,0x00,0x00,0x00,0x00,0x00,0x00,0x00,0x0E,0xFF,0xFF,0xFF,0xFF,
  0x0E,0x61,0x64,0x64,0x64,0x0B,0x00,0x00,0x00,0x00,0x00,0x0D,0xFF,0xFF,0xFF,0xFD,0x06,0xE1,0xFF,0xFF,
  0xFF,0x41,0x00,0x00,0x00,0x00,0x00,0x46,0xFF,0xFF,0xFF,0xE3,0x00,0xAE,0xFF,0xFF,0xFF,0xC5,0x09,0x00,
  0x00,0x00,0x0B,0xCC,0xFF,0xFF,0xFF,0x93,0x00,0x3B,0xFF,0xFF,0xFF,0xFF,0xD8,0x70,0x4F,0x6F,0xD9,0xFF,
  0xFF,0xFF,0xF9,0x28,0x00,0x00,0x86,0xFF,0xFF,0xFF,0xFF,0xFF,0xFF,0xFF,0xFF,0xFF,0xFF,0xFF,0x65,0x00,
  0x00,0x00,0x00,0x76,0xF7,0xFF,0xFF,0xFF,0xFF,0xFF,0xFF,0xFF,0xF2,0x5C,0x00,0x00,0x00,0x00,0x00,0x00,
  0x20,0x7D,0xC8,0xE7,0xF9,0xE5,0xC5,0x75,0x18,0x00,0x00,0x00,0x00,0x00,0x00,0x00,0x00,0x1B,0x7C,0xC9,
  0xE9,0xF9,0xE8,0xC9,0x83,0x24,0x00,0x00,0x00,0x00,0x00,0x00,0x6C,0xF3,0xFF,0xFF,0xFF,0xFF,0xFF,0xFF,
  0xFF,0xFA,0x87,0x01,0x00,0x00,0x00,0x7B,0xFF,0xFF,0xFF,0xFF,0xFF,0xFF,0xFF,0xFF,0xFF,0xFF,0xFF,0x9B,
  0x00,0x00,0x3C,0xFE,0xFF,0xFF,0xFF,0xBA,0x67,0x4F,0x67,0xBF,0xFF,0xFF,0xFF,0xFF,0x46,0x00,0xCE,0xFF,
  0xFF,0xFF,0x72,0x00,0x00,0x00,0x00,0x00,0x9E,0xFF,0xFF,0xFF,0xA0,0x35,0xFF,0xFF,0xFF,0xBE,0x00,0x00,
  0x00,0x00,0x00,0x00,0x04,0x10,0x10,0x10,0x0C,0x86,0xFF,0xFF,0xFF,0x5F,0x07,0x70,0xC9,0xF3,0xF4,0xD6,
  0x94,0x2B,0x00,0x00,0x00,0xBA,0xFF,0xFF,0xFF,0x46,0xD1,0xFF,0xFF,0xFF,0xFF,0xFF,0xFF,0xFC,0x7A,0x01,
  0x00,0xE1,0xFF,0xFF,0xFF,0xD7,0xFF,0xFF,0xFF,0xFF,0xFF,0xFF,0xFF,0xFF,0xFF,0x79,0x00,0xF1,0xFF,0xFF,
  0xFF,0xFF,0xFF,0xCB,0x63,0x51,0x82,0xED,0xFF,0xFF,0xFF,0xFC,0x2A,0xFC,0xFF,0xFF,0xFF,0xFF,0xA4,0x04,
  0x00,0x00,0x00,0x20,0xE8,0xFF,0xFF,0xFF,0x93,0xEF,0xFF,0xFF,0xFF,0xEC,0x0E,0x00,0x00,0x00,0x00,0x00,
  0x67,0xFF,0xFF,0xFF,0xD6,0xDC,0xFF,0xFF,0xFF,0xB0,0x00,0x00,0x00,0x00,0x00,0x00,0x26,0xFF,0xFF,0xFF,
  0xF4,0xAD,0xFF,0xFF,0xFF,0xB3,0x00,0x00,0x00,0x00,0x00,0x00,0x28,0xFF,0xFF,0xFF,0xEB,0x6F,0xFF,0xFF,
  0xFF,0xED,0x08,0x00,0x00,0x00,0x00,0x00,0x6E,0xFF,0xFF,0xFF,0xCA,0x13,0xF6,0xFF,0xFF,0xFF,0x9B,0x02,
  0x00,0x00,0x00,0x27,0xED,0xFF,0xFF,0xFF,0x7A,0x00,0x83,0xFF,0xFF,0xFF,0xFF,0xC5,0x64,0x52,0x86,0xF1,
  0xFF,0xFF,0xFF,0xF0,0x15,0x00,0x04,0xBF,0xFF,0xFF,0xFF,0xFF,0xFF,0xFF,0xFF,0xFF,0xFF,0xFF,0xFD,0x48,
  0x00,0x00,0x00,0x08,0x9E,0xFE,0xFF,0xFF,0xFF,0xFF,0xFF,0xFF,0xFF,0xE4,0x44,0x00,0x00,0x00,0x00,0x00,
  0x00,0x31,0x92,0xD3,0xF0,0xF8,0xDF,0xB9,0x64,0x0D,0x00,0x00,0x00,0xFF,0xFF,0xFF,0xFF,0xFF,0xFF,0xFF,
  0xFF,0xFF,0xFF,0xFF,0xFF,0xFF,0xFF,0xFF,0xFF,0xFF,0xFF,0xFF,0xFF,0xFF,0xFF,0xFF,0xFF,0xFF,0xFF,0xFF,
  0xFF,0xFF,0xFF,0xFF,0xFF,0xFF,0xFF,0xFF,0xFF,0xFF,0xFF,0xFF,0xFF,0xFF,0xFF,0x48,0x48,0x48,0x48,0x48,
  0x48,0x48,0x48,0x48,0x8E,0xFF,0xFF,0xFF,0xDB,0x00,0x00,0x00,0x00,0x00,0x00,0x00,0x00,0x01,0xCF,0xFF,
  0xFF,0xFF,0x5F,0x00,0x00,0x00,0x00,0x00,0x00,0x00,0x00,0x52,0xFF,0xFF,0xFF,0xDB,0x03,0x00,0x00,0x00,
  0x00,0x00,0x00,0x00,0x01,0xD0,0xFF,0xFF,0xFF,0x5E,0x00,0x00,0x00,0x00,0x00,0x00,0x00,0x00,0x53,0xFF,
  0xFF,0xFF,0xDA,0x03,0x00,0x00,0x00,0x00,0x00,0x00,0x00,0x01,0xD2,0xFF,0xFF,0xFF,0x5D,0x00,0x00,0x00,
  0x00,0x00,0x00,0x00,0x00,0x55,0xFF,0xFF,0xFF,0xD9,0x03,0x00,0x00,0x00,0x00,0x00,0x00,0x00,0x01,0xD3,
  0xFF,0xFF,0xFF,0x5C,0x00,0x00,0x00,0x00,0x00,0x00,0x00,0x00,0x56,0xFF,0xFF,0xFF,0xD8,0x03,0x00,0x00,
  0x00,0x00,0x00,0x00,0x00,0x02,0xD4,0xFF,0xFF,0xFF,0x5B,0x00,0x00,0x00,0x00,0x00,0x00,0x00,0x00,0x57,
  0xFF,0xFF,0xFF,0xD7,0x02,0x00,0x00,0x00,0x00,0x00,0x00,0x00,0x02,0xD5,0xFF,0xFF,0xFF,0x5A,0x00,0x00,
  0x00,0x00,0x00,0x00,0x00,0x00,0x59,0xFF,0xFF,0xFF,0xD7,0x02,0x00,0x00,0x00,0x00,0x00,0x00,0x00,0x02,
  0xD7,0xFF,0xFF,0xFF,0x59,0x00,0x00,0x00,0x00,0x00,0x00,0x00,0x00,0x5A,0xFF,0xFF,0xFF,0xD6,0x02,0x00,
  0x00,0x00,0x00,0x00,0x00,0x00,0x02,0xD8,0xFF,0xFF,0xFF,0x58,0x00,0x00,0x00,0x00,0x00,0x00,0x00,0x00,
  0x5C,0xFF,0xFF,0xFF,0xD5,0x02,0x00,0x00,0x00,0x00,0x00,0x00,0x00,0x00,0x00,0x00,0x09,0x67,0xB2,0xE1,
  0xF6,0xF3,0xDE,0xAB,0x5E,0x05,0x00,0x00,0x00,0x00,0x00,0x44,0xE4,0xFF,0xFF,0xFF,0xFF,0xFF,0xFF,0xFF,
  0xFF,0xDC,0x35,0x00,0x00,0x00,0x3A,0xF8,0xFF,0xFF,0xFF,0xFF,0xFF,0xFF,0xFF,0xFF,0xFF,0xFF,0xF2,0x28,
  0x00,0x00,0xC5,0xFF,0xFF,0xFF,0xF6,0x8E,0x52,0x55,0x98,0xFB,0xFF,0xFF,0xFF,0xAC,0x00,0x06,0xFB,0xFF,
  0xFF,0xFF,0x50,0x00,0x00,0x00,0x00,0x68,0xFF,0xFF,0xFF,0xE9,0x00,0x0C,0xFF,0xFF,0xFF,0xFF,0x09,0x00,
  0x00,0x00,0x00,0x21,0xFF,0xFF,0xFF,0xF4,0x00,0x00,0xCD,0xFF,0xFF,0xFF,0x53,0x00,0x00,0x00,0x00,0x6B,
  0xFF,0xFF,0xFF,0xB4,0x00,0x00,0x3B,0xF6,0xFF,0xFF,0xF7,0x8E,0x52,0x55,0x98,0xFB,0xFF,0xFF,0xEF,0x2A,
  0x00,0x00,0x00,0x28,0xB9,0xFB,0xFF,0xFF,0xFF,0xFF,0xFF,0xFF,0xF8,0xAF,0x1D,0x00,0x00,0x00,0x00,0x06,
  0x5E,0xB4,0xFF,0xFF,0xFF,0xFF,0xFF,0xFE,0xA6,0x34,0x00,0x00,0x00,0x00,0x32,0xDD,0xFF,0xFF,0xFF,0xFF,
  0xFF,0xFF,0xFF,0xFF,0xFF,0xFE,0x79,0x00,0x00,0x21,0xEE,0xFF,0xFF,0xFE,0x8B,0x25,0x06,0x20,0x80,0xFA,
  0xFF,0xFF,0xFF,0x4C,0x00,0xA0,0xFF,0xFF,0xFF,0x85,0x00,0x00,0x00,0x00,0x00,0x6E,0xFF,0xFF,0xFF,0xC5,
  0x00,0xE6,0xFF,0xFF,0xFF,0x27,0x00,0x00,0x00,0x00,0x00,0x0F,0xFF,0xFF,0xFF,0xFD,0x04,0xF5,0xFF,0xFF,
  0xFF,0x2F,0x00,0x00,0x00,0x00,0x00,0x19,0xFF,0xFF,0xFF,0xFF,0x0C,0xD0,0xFF,0xFF,0xFF,0xA6,0x01,0x00,
  0x00,0x00,0x00,0x95,0xFF,0xFF,0xFF,0xE6,0x00,0x6F,0xFF,0xFF,0xFF,0xFF,0xC6,0x68,0x4D,0x64,0xBD,0xFF,
  0xFF,0xFF,0xFF,0x84,0x00,0x07,0xC2,0xFF,0xFF,0xFF,0xFF,0xFF,0xFF,0xFF,0xFF,0xFF,0xFF,0xFF,0xCE,0x0E,
  0x00,0x00,0x0C,0xA3,0xFE,0xFF,0xFF,0xFF,0xFF,0xFF,0xFF,0xFF,0xFF,0xAF,0x13,0x00,0x00,0x00,0x00,0x00,
  0x33,0x8B,0xCE,0xEA,0xFA,0xEC,0xD2,0x92,0x3B,0x00,0x00,0x00,0x00,0x00,0x00,0x00,0x12,0x69,0xBB,0xE0,
  0xF8,0xEF,0xD4,0x92,0x33,0x00,0x00,0x00,0x00,0x00,0x00,0x5C,0xEC,0xFF,0xFF,0xFF,0xFF,0xFF,0xFF,0xFF,
  0xFE,0xA2,0x09,0x00,0x00,0x00,0x6A,0xFF,0xFF,0xFF,0xFF,0xFF,0xFF,0xFF,0xFF,0xFF,0xFF,0xFF,0xC2,0x05,
  0x00,0x2B,0xFD,0xFF,0xFF,0xFF,0xE5,0x7C,0x50,0x60,0xB5,0xFF,0xFF,0xFF,0xFF,0x85,0x00,0x9E,0xFF,0xFF,
  0xFF,0xD5,0x12,0x00,0x00,0x00,0x00,0x73,0xFF,0xFF,0xFF,0xF5,0x11,0xDA,0xFF,0xFF,0xFF,0x4D,0x00,0x00,
  0x00,0x00,0x00,0x00,0xD5,0xFF,0xFF,0xFF,0x6B,0xF7,0xFF,0xFF,0xFF,0x20,0x00,0x00,0x00,0x00,0x00,0x00,
  0xA8,0xFF,0xFF,0xFF,0xAA,0xE3,0xFF,0xFF,0xFF,0x49,0x00,0x00,0x00,0x00,0x00,0x01,0xD3,0xFF,0xFF,0xFF,
  0xDB,0xB2,0xFF,0xFF,0xFF,0xD0,0x0F,0x00,0x00,0x00,0x00,0x7E,0xFF,0xFF,0xFF,0xFF,0xEE,0x48,0xFF,0xFF,
  0xFF,0xFF,0xE2,0x79,0x50,0x6B,0xBE,0xFF,0xFF,0xFF,0xFF,0xFF,0xFB,0x00,0x9F,0xFF,0xFF,0xFF,0xFF,0xFF,
  0xFF,0xFF,0xFF,0xFF,0xDB,0xFF,0xFF,0xFF,0xF0,0x00,0x06,0x96,0xFF,0xFF,0xFF,0xFF,0xFF,0xFF,0xFF,0xD5,
  0x46,0xFF,0xFF,0xFF,0xDF,0x00,0x00,0x00,0x38,0x9C,0xDA,0xF5,0xF4,0xCC,0x75,0x08,0x49,0xFF,0xFF,0xFF,
  0xB6,0x00,0x00,0x00,0x00,0x00,0x00,0x00,0x00,0x00,0x00,0x00,0x87,0xFF,0xFF,0xFF,0x81,0x82,0xB4,0xB4,
  0xB4,0x43,0x00,0x00,0x00,0x00,0x00,0x07,0xE7,0xFF,0xFF,0xFF,0x2F,0x83,0xFF,0xFF,0xFF,0xCD,0x0B,0x00,
  0x00,0x00,0x01,0x9E,0xFF,0xFF,0xFF,0xCA,0x00,0x1B,0xF6,0xFF,0xFF,0xFF,0xD9,0x71,0x50,0x6B,0xCB,0xFF,
  0xFF,0xFF,0xFD,0x38,0x00,0x00,0x64,0xFF,0xFF,0xFF,0xFF,0xFF,0xFF,0xFF,0xFF,0xFF,0xFF,0xFF,0x73,0x00,
  0x00,0x00,0x00,0x5E,0xEF,0xFF,0xFF,0xFF,0xFF,0xFF,0xFF,0xFF,0xF1,0x65,0x00,0x00,0x00,0x00,0x00,0x00,
  0x16,0x76,0xC4,0xE7,0xFA,0xE9,0xC7,0x7A,0x19,0x00,0x00,0x00,0x00,0x32,0xDA,0xE2,0x41,0x00,0xCA,0xFF,
  0xFF,0xE1,0x00,0xF6,0xFF,0xFF,0xFF,0x0E,0xCA,0xFF,0xFF,0xE1,0x00,0x34,0xDB,0xE3,0x43,0x00,0x00,0x00,
  0x00,0x00,0x00,0x00,0x00,0x00,0x00,0x00,0x00,0x00,0x00,0x00,0x00,0x00,0x00,0x00,0x00,0x00,0x00,0x00,
  0x00,0x00,0x00,0x32,0xDA,0xE2,0x41,0x00,0xCA,0xFF,0xFF,0xE1,0x00,0xF6,0xFF,0xFF,0xFF,0x0E,0xCA,0xFF,
  0xFF,0xE1,0x00,0x34,0xDB,0xE3,0x43,0x00,0x00,0x32,0xDA,0xE2,0x41,0x00,0x00,0xCA,0xFF,0xFF,0xE1,0x00,
  0x00,0xF6,0xFF,0xFF,0xFF,0x0E,0x00,0xCA,0xFF,0xFF,0xE1,0x00,0x00,0x34,0xDB,0xE3,0x43,0x00,0x00,0x00,
  0x00,0x00,0x00,0x00,0x00,0x00,0x00,0x00,0x00,0x00,0x00,0x00,0x00,0x00,0x00,0x00,0x00,0x00,0x00,0x00,
  0x00,0x00,0x00,0x00,0x00,0x00,0x00,0x00,0x00,0x00,0x00,0x00,0x00,0x00,0x00,0xAD,0xFF,0xFF,0xB8,0x00,
  0x00,0xCD,0xFF,0xFF,0x7B,0x00,0x00,0xED,0xFF,0xFF,0x3E,0x00,0x0C,0xFF,0xFF,0xF9,0x08,0x00,0x2D,0xFF,
  0xFF,0xC4,0x00,0x00,0x4D,0xFF,0xFF,0x87,0x00,0x00,0x6D,0xFF,0xFF,0x4A,0x00,0x00,0x8C,0xFF,0xFD,0x10,
  0x00,0x00,0x00,0x00,0x00,0x00,0x00,0x00,0x00,0x00,0x00,0x00,0x00,0x00,0x00,0x01,0x00,0x00,0x00,0x00,
  0x00,0x00,0x00,0x00,0x00,0x00,0x00,0x08,0x64,0xD5,0x00,0x00,0x00,0x00,0x00,0x00,0x00,0x00,0x00,0x16,
  0x80,0xEA,0xFF,0xFF,0x00,0x00,0x00,0x00,0x00,0x00,0x00,0x2B,0x9C,0xF8,0xFF,0xFF,0xFF,0xFF,0x00,0x00,
  0x00,0x00,0x00,0x46,0xB8,0xFF,0xFF,0xFF,0xFF,0xFF,0xFF,0xF9,0x00,0x00,0x07,0x62,0xD3,0xFF,0xFF,0xFF,
  0xFF,0xFF,0xFF,0xDE,0x79,0x16,0x15,0x7E,0xE9,0xFF,0xFF,0xFF,0xFF,0xFF,0xFC,0xB1,0x49,0x02,0x00,0x00,
  0xF7,0xFF,0xFF,0xFF,0xFF,0xFF,0xE5,0x82,0x1C,0x00,0x00,0x00,0x00,0x00,0xFF,0xFF,0xFF,0xFF,0xD2,0x52,
  0x04,0x00,0x00,0x00,0x00,0x00,0x00,0x00,0xFF,0xFF,0xFF,0xFF,0xF7,0xA1,0x39,0x00,0x00,0x00,0x00,0x00,
  0x00,0x00,0xB9,0xFF,0xFF,0xFF,0xFF,0xFF,0xFF,0xD1,0x69,0x0D,0x00,0x00,0x00,0x00,0x00,0x2B,0x9D,0xF8,
  0xFF,0xFF,0xFF,0xFF,0xFF,0xF3,0x98,0x30,0x00,0x00,0x00,0x00,0x00,0x16,0x80,0xE9,0xFF,0xFF,0xFF,0xFF,
  0xFF,0xFF,0xC8,0x5F,0x00,0x00,0x00,0x00,0x00,0x08,0x64,0xD4,0xFF,0xFF,0xFF,0xFF,0xFF,0xFF,0x00,0x00,
  0x00,0x00,0x00,0x00,0x00,0x00,0x47,0xB9,0xFF,0xFF,0xFF,0xFF,0x00,0x00,0x00,0x00,0x00,0x00,0x00,0x00,
  0x00,0x00,0x2B,0x9C,0xF7,0xFF,0x00,0x00,0x00,0x00,0x00,0x00,0x00,0x00,0x00,0x00,0x00,0x00,0x16,0x80,
  0xFF,0xFF,0xFF,0xFF,0xFF,0xFF,0xFF,0xFF,0xFF,0xFF,0xFF,0xFF,0xFF,0xFF,0xFF,0xFF,0xFF,0xFF,0xFF,0xFF,
  0xFF,0xFF,0xFF,0xFF,0xFF,0xFF,0xFF,0xFF,0xFF,0xFF,0xFF,0xFF,0xFF,0xFF,0xFF,0xFF,0xFF,0xFF,0xFF,0xFF,
  0xFF,0xFF,0x48,0x48,0x48,0x48,0x48,0x48,0x48,0x48,0x48,0x48,0x48,0x48,0x48,0x48,0x00,0x00,0x00,0x00,
  0x00,0x00,0x00,0x00,0x00,0x00,0x00,0x00,0x00,0x00,0x00,0x00,0x00,0x00,0x00,0x00,0x00,0x00,0x00,0x00,
  0x00,0x00,0x00,0x00,0x48,0x48,0x48,0x48,0x48,0x48,0x48,0x48,0x48,0x48,0x48,0x48,0x48,0x48,0xFF,0xFF,
  0xFF,0xFF,0xFF,0xFF,0xFF,0xFF,0xFF,0xFF,0xFF,0xFF,0xFF,0xFF,0xFF,0xFF,0xFF,0xFF,0xFF,0xFF,0xFF,0xFF,
  0xFF,0xFF,0xFF,0xFF,0xFF,0xFF,0xFF,0xFF,0xFF,0xFF,0xFF,0xFF,0xFF,0xFF,0xFF,0xFF,0xFF,0xFF,0xFF,0xFF,
  0x01,0x00,0x00,0x00,0x00,0x00,0x00,0x00,0x00,0x00,0x00,0x00,0x00,0x00,0xD5,0x64,0x08,0x00,0x00,0x00,
  0x00,0x00,0x00,0x00,0x00,0x00,0x00,0x00,0xFF,0xFF,0xEA,0x80,0x16,0x00,0x00,0x00,0x00,0x00,0x00,0x00,
  0x00,0x00,0xFF,0xFF,0xFF,0xFF,0xF8,0x9C,0x2B,0x00,0x00,0x00,0x00,0x00,0x00,0x00,0xF9,0xFF,0xFF,0xFF,
  0xFF,0xFF,0xFF,0xB8,0x46,0x00,0x00,0x00,0x00,0x00,0x16,0x79,0xDE,0xFF,0xFF,0xFF,0xFF,0xFF,0xFF,0xD3,
  0x62,0x07,0x00,0x00,0x00,0x00,0x02,0x49,0xB1,0xFC,0xFF,0xFF,0xFF,0xFF,0xFF,0xE8,0x7E,0x15,0x00,0x00,
  0x00,0x00,0x00,0x1C,0x81,0xE4,0xFF,0xFF,0xFF,0xFF,0xFF,0xF7,0x00,0x00,0x00,0x00,0x00,0x00,0x00,0x03,
  0x51,0xD0,0xFF,0xFF,0xFF,0xFF,0x00,0x00,0x00,0x00,0x00,0x00,0x00,0x38,0xA0,0xF7,0xFF,0xFF,0xFF,0xFF,
  0x00,0x00,0x00,0x00,0x0D,0x68,0xD0,0xFF,0xFF,0xFF,0xFF,0xFF,0xFF,0xB9,0x00,0x00,0x30,0x98,0xF3,0xFF,
  0xFF,0xFF,0xFF,0xFF,0xF8,0x9D,0x2B,0x00,0x60,0xC8,0xFF,0xFF,0xFF,0xFF,0xFF,0xFF,0xE9,0x80,0x16,0x00,
  0x00,0x00,0xFF,0xFF,0xFF,0xFF,0xFF,0xFF,0xD4,0x64,0x07,0x00,0x00,0x00,0x00,0x00,0xFF,0xFF,0xFF,0xFF,
  0xB9,0x47,0x00,0x00,0x00,0x00,0x00,0x00,0x00,0x00,0xFF,0xF7,0x9C,0x2A,0x00,0x00,0x00,0x00,0x00,0x00,
  0x00,0x00,0x00,0x00,0x7F,0x15,0x00,0x00,0x00,0x00,0x00,0x00,0x00,0x00,0x00,0x00,0x00,0x00,0x00,0x00,
  0x00,0x3D,0x98,0xD7,0xF0,0xF6,0xE1,0xB3,0x66,0x08,0x00,0x00,0x00,0x0F,0xA9,0xFF,0xFF,0xFF,0xFF,0xFF,
  0xFF,0xFF,0xFF,0xE2,0x3C,0x00,0x06,0xBF,0xFF,0xFF,0xFF,0xFF,0xFF,0xFF,0xFF,0xFF,0xFF,0xFF,0xF5,0x2C,
  0x64,0xFF,0xFF,0xFF,0xFF,0xAE,0x5A,0x51,0x92,0xFA,0xFF,0xFF,0xFF,0xAE,0xC6,0xFF,0xFF,0xFF,0x92,0x00,
  0x00,0x00,0x00,0x67,0xFF,0xFF,0xFF,0xE9,0xED,0xFF,0xFF,0xFF,0x2B,0x00,0x00,0x00,0x00,0x21,0xFF,0xFF,
  0xFF,0xF2,0x13,0x14,0x14,0x14,0x01,0x00,0x00,0x00,0x00,0x5A,0xFF,0xFF,0xFF,0xC8,0x00,0x00,0x00,0x00,
  0x00,0x00,0x00,0x00,0x37,0xEC,0xFF,0xFF,0xFF,0x62,0x00,0x00,0x00,0x00,0x00,0x00,0x0B,0x8F,0xFC,0xFF,
  0xFF,0xFF,0xAD,0x01,0x00,0x00,0x00,0x00,0x00,0x17,0xD6,0xFF,0xFF,0xFF,0xFF,0x8F,0x03,0x00,0x00,0x00,
  0x00,0x00,0x00,0xA0,0xFF,0xFF,0xFF,0xF8,0x4E,0x00,0x00,0x00,0x00,0x00,0x00,0x00,0x00,0xE7,0xFF,0xFF,
  0xFF,0x6D,0x00,0x00,0x00,0x00,0x00,0x00,0x00,0x00,0x00,0xFC,0xFF,0xFF,0xFF,0x1F,0x00,0x00,0x00,0x00,
  0x00,0x00,0x00,0x00,0x00,0x80,0x80,0x80,0x80,0x0C,0x00,0x00,0x00,0x00,0x00,0x00,0x00,0x00,0x00,0x00,
  0x00,0x00,0x00,0x00,0x00,0x00,0x00,0x00,0x00,0x00,0x00,0x00,0x00,0x43,0xE3,0xDC,0x34,0x00,0x00,0x00,
  0x00,0x00,0x00,0x00,0x00,0x00,0x00,0xE2,0xFF,0xFF,0xCA,0x00,0x00,0x00,0x00,0x00,0x00,0x00,0x00,0x00,
  0x0E,0xFF,0xFF,0xFF,0xF6,0x00,0x00,0x00,0x00,0x00,0x00,0x00,0x00,0x00,0x00,0xE2,0xFF,0xFF,0xCA,0x00,
  0x00,0x00,0x00,0x00,0x00,0x00,0x00,0x00,0x00,0x43,0xE3,0xDC,0x34,0x00,0x00,0x00,0x00,0x00,0x00,0x00,
  0x00,0x00,0x00,0x00,0x00,0x07,0x43,0x88,0xC3,0xDB,0xF0,0xF9,0xE5,0xD0,0xA4,0x5F,0x18,0x00,0x00,0x00,
  0x00,0x00,0x00,0x00,0x00,0x00,0x00,0x00,0x00,0x08,0x6E,0xE6,0xFF,0xFF,0xFF,0xFF,0xFF,0xFF,0xFF,0xFF,
  0xFF,0xFF,0xFA,0x9C,0x22,0x00,0x00,0x00,0x00,0x00,0x00,0x00,0x00,0x00,0x2D,0xDC,0xFF,0xFF,0xFF,0xFF,
  0xFF,0xFF,0xFF,0xFF,0xFF,0xFF,0xFF,0xFF,0xFF,0xFF,0xF7,0x64,0x00,0x00,0x00,0x00,0x00,0x00,0x00,0x4C,
  0xF4,0xFF,0xFF,0xFF,0xFF,0xF9,0xC1,0x81,0x63,0x4F,0x55,0x68,0x98,0xDB,0xFF,0xFF,0xFF,0xFF,0x92,0x00,
  0x00,0x00,0x00,0x00,0x2F,0xF5,0xFF,0xFF,0xFF,0xFB,0x91,0x1A,0x00,0x00,0x00,0x00,0x00,0x00,0x00,0x00,
  0x48,0xCE,0xFF,0xFF,0xFF,0x72,0x00,0x00,0x00,0x0A,0xDF,0xFF,0xFF,0xFF,0xEC,0x41,0x00,0x00,0x00,0x1A,
  0x3D,0x2F,0x02,0x00,0x00,0x00,0x00,0x07,0xA2,0xFF,0xFF,0xFD,0x2F,0x00,0x00,0x75,0xFF,0xFF,0xFF,0xF9,
  0x39,0x00,0x00,0x2E,0xBD,0xFF,0xFF,0xFF,0xE0,0x43,0xCA,0xF0,0xF0,0x00,0x04,0xBB,0xFF,0xFF,0xB3,0x00,
  0x09,0xEA,0xFF,0xFF,0xFF,0x7B,0x00,0x00,0x3B,0xF2,0xFF,0xFF,0xFF,0xFF,0xFF,0xF3,0xEC,0xFF,0xFF,0x00,
  0x00,0x21,0xFA,0xFF,0xFF,0x28,0x4A,0xFF,0xFF,0xFF,0xED,0x0D,0x00,0x0A,0xDE,0xFF,0xFF,0xFF,0xFF,0xFF,
  0xFF,0xFF,0xFF,0xFF,0xFF,0x00,0x00,0x00,0xA4,0xFF,0xFF,0x74,0x90,0xFF,0xFF,0xFF,0x9C,0x00,0x00,0x67,
  0xFF,0xFF,0xFB,0x71,0x12,0x0E,0x65,0xF7,0xFF,0xFF,0xFF,0x00,0x00,0x00,0x58,0xFF,0xFF,0xB9,0xC8,0xFF,
  0xFF,0xFF,0x5A,0x00,0x00,0xB8,0xFF,0xFF,0x85,0x00,0x00,0x00,0x00,0x79,0xFF,0xFF,0xFF,0x00,0x00,0x00,
  0x22,0xFF,0xFF,0xD9,0xDF,0xFF,0xFF,0xFF,0x35,0x00,0x00,0xE1,0xFF,0xFF,0x27,0x00,0x00,0x00,0x00,0x24,
  0xFF,0xFF,0xFF,0x00,0x00,0x00,0x0D,0xFF,0xFF,0xEF,0xF5,0xFF,0xFF,0xFF,0x21,0x00,0x00,0xF8,0xFF,0xFF,
  0x06,0x00,0x00,0x00,0x00,0x06,0xFF,0xFF,0xFF,0x00,0x00,0x00,0x06,0xFF,0xFF,0xFB,0xF6,0xFF,0xFF,0xFF,
  0x20,0x00,0x00,0xF1,0xFF,0xFF,0x0D,0x00,0x00,0x00,0x00,0x0C,0xFF,0xFF,0xFF,0x00,0x00,0x00,0x19,0xFF,
  0xFF,0xED,0xE1,0xFF,0xFF,0xFF,0x34,0x00,0x00,0xD8,0xFF,0xFF,0x3C,0x00,0x00,0x00,0x00,0x37,0xFF,0xFF,
  0xFF,0x00,0x00,0x00,0x4E,0xFF,0xFF,0xCC,0xCB,0xFF,0xFF,0xFF,0x57,0x00,0x00,0x9C,0xFF,0xFF,0xB2,0x01,
  0x00,0x00,0x00,0xA6,0xFF,0xFF,0xFF,0x09,0x00,0x01,0xBC,0xFF,0xFF,0x96,0x97,0xFF,0xFF,0xFF,0x96,0x00,
  0x00,0x47,0xFF,0xFF,0xFF,0xB8,0x5A,0x56,0xAE,0xFF,0xFF,0xFF,0xFF,0x97,0x54,0xAD,0xFF,0xFF,0xFF,0x3E,
  0x4F,0xFF,0xFF,0xFF,0xE7,0x07,0x00,0x00,0xBB,0xFF,0xFF,0xFF,0xFF,0xFF,0xFF,0xFF,0xD6,0xFF,0xFF,0xFF,
  0xFF,0xFF,0xFF,0xFF,0xB7,0x00,0x0C,0xF0,0xFF,0xFF,0xFF,0x6A,0x00,0x00,0x16,0xD4,0xFF,0xFF,0xFF,0xFF,
  0xFF,0xCA,0x23,0xF1,0xFF,0xFF,0xFF,0xFF,0xFF,0xD3,0x14,0x00,0x00,0x7E,0xFF,0xFF,0xFF,0xF3,0x29,0x00,
  0x00,0x0D,0x7D,0xD4,0xF5,0xE3,0x95,0x11,0x00,0x2E,0xB5,0xF1,0xF6,0xD3,0x7B,0x09,0x00,0x00,0x00,0x0D,
  0xE5,0xFF,0xFF,0xFF,0xE0,0x2E,0x00,0x00,0x00,0x00,0x00,0x00,0x00,0x00,0x00,0x00,0x00,0x00,0x00,0x00,
  0x00,0x00,0x00,0x00,0x00,0x00,0x36,0xF7,0xFF,0xFF,0xFF,0xF4,0x7D,0x0E,0x00,0x00,0x00,0x00,0x00,0x00,
  0x00,0x00,0x23,0x05,0x00,0x00,0x00,0x00,0x00,0x00,0x00,0x00,0x00,0x52,0xF6,0xFF,0xFF,0xFF,0xFF,0xF3,
  0xB3,0x77,0x5D,0x4D,0x59,0x6D,0x9A,0xD5,0xFF,0x57,0x00,0x00,0x00,0x00,0x00,0x00,0x00,0x00,0x00,0x00,
  0x2F,0xDC,0xFF,0xFF,0xFF,0xFF,0xFF,0xFF,0xFF,0xFF,0xFF,0xFF,0xFF,0xFF,0xFF,0xC3,0x00,0x00,0x00,0x00,
  0x00,0x00,0x00,0x00,0x00,0x00,0x00,0x09,0x6E,0xE4,0xFF,0xFF,0xFF,0xFF,0xFF,0xFF,0xFF,0xFF,0xFF,0xFF,
  0xFF,0xE3,0x13,0x00,0x00,0x00,0x00,0x00,0x00,0x00,0x00,0x00,0x00,0x00,0x00,0x06,0x43,0x86,0xC1,0xDB,
  0xEF,0xFD,0xF5,0xE0,0xBB,0x85,0x3E,0x02,0x00,0x00,0x00,0x00,0x00,0x00,0x00,0x00,0x00,0x00,0x00,0x00,
  0x00,0x7F,0xFF,0xFF,0xFF,0xFF,0xFF,0x71,0x00,0x00,0x00,0x00,0x00,0x00,0x00,0x00,0x00,0x00,0x00,0x00,
  0x00,0x00,0xDA,0xFF,0xFF,0xFF,0xFF,0xFF,0xCE,0x00,0x00,0x00,0x00,0x00,0x00,0x00,0x00,0x00,0x00,0x00,
  0x00,0x00,0x37,0xFF,0xFF,0xFF,0xFF,0xFF,0xFF,0xFF,0x2B,0x00,0x00,0x00,0x00,0x00,0x00,0x00,0x00,0x00,
  0x00,0x00,0x00,0x93,0xFF,0xFF,0xFF,0xFF,0xFF,0xFF,0xFF,0x87,0x00,0x00,0x00,0x00,0x00,0x00,0x00,0x00,
  0x00,0x00,0x00,0x04,0xE9,0xFF,0xFF,0xFF,0x75,0xFF,0xFF,0xFF,0xE2,0x01,0x00,0x00,0x00,0x00,0x00,0x00,
  0x00,0x00,0x00,0x00,0x4B,0xFF,0xFF,0xFF,0xE6,0x06,0xEF,0xFF,0xFF,0xFF,0x40,0x00,0x00,0x00,0x00,0x00,
  0x00,0x00,0x00,0x00,0x00,0xA7,0xFF,0xFF,0xFF,0x9A,0x00,0xA6,0xFF,0xFF,0xFF,0x9D,0x00,0x00,0x00,0x00,
  0x00,0x00,0x00,0x00,0x00,0x0C,0xF5,0xFF,0xFF,0xFF,0x49,0x00,0x56,0xFF,0xFF,0xFF,0xF1,0x08,0x00,0x00,
  0x00,0x00,0x00,0x00,0x00,0x00,0x5F,0xFF,0xFF,0xFF,0xF2,0x07,0x00,0x0D,0xF8,0xFF,0xFF,0xFF,0x56,0x00,
  0x00,0x00,0x00,0x00,0x00,0x00,0x00,0xBB,0xFF,0xFF,0xFF,0xA9,0x00,0x00,0x00,0xB6,0xFF,0xFF,0xFF,0xB3,
  0x00,0x00,0x00,0x00,0x00,0x00,0x00,0x19,0xFC,0xFF,0xFF,0xFF,0x56,0x00,0x00,0x00,0x63,0xFF,0xFF,0xFF,
  0xFA,0x14,0x00,0x00,0x00,0x00,0x00,0x00,0x73,0xFF,0xFF,0xFF,0xF4,0x0A,0x00,0x00,0x00,0x12,0xFA,0xFF,
  0xFF,0xFF,0x6C,0x00,0x00,0x00,0x00,0x00,0x00,0xCF,0xFF,0xFF,0xFF,0xFF,0xFF,0xFF,0xFF,0xFF,0xFF,0xFF,
  0xFF,0xFF,0xFF,0xC9,0x00,0x00,0x00,0x00,0x00,0x2A,0xFF,0xFF,0xFF,0xFF,0xFF,0xFF,0xFF,0xFF,0xFF,0xFF,
  0xFF,0xFF,0xFF,0xFF,0xFF,0x26,0x00,0x00,0x00,0x00,0x87,0xFF,0xFF,0xFF,0xFF,0xFF,0xFF,0xFF,0xFF,0xFF,
  0xFF,0xFF,0xFF,0xFF,0xFF,0xFF,0x82,0x00,0x00,0x00,0x01,0xE0,0xFF,0xFF,0xFF,0xE5,0x48,0x48,0x48,0x48,
  0x48,0x48,0x48,0xFA,0xFF,0xFF,0xFF,0xDD,0x00,0x00,0x00,0x3F,0xFF,0xFF,0xFF,0xFF,0x45,0x00,0x00,0x00,
  0x00,0x00,0x00,0x00,0x5C,0xFF,0xFF,0xFF,0xFF,0x3B,0x00,0x00,0x9B,0xFF,0xFF,0xFF,0xE9,0x03,0x00,0x00,
  0x00,0x00,0x00,0x00,0x00,0x0D,0xF7,0xFF,0xFF,0xFF,0x98,0x00,0x07,0xEF,0xFF,0xFF,0xFF,0x94,0x00,0x00,
  0x00,0x00,0x00,0x00,0x00,0x00,0x00,0xAE,0xFF,0xFF,0xFF,0xED,0x06,0x52,0xFF,0xFF,0xFF,0xFF,0x3C,0x00,
  0x00,0x00,0x00,0x00,0x00,0x00,0x00,0x00,0x57,0xFF,0xFF,0xFF,0xFF,0x51,0xFF,0xFF,0xFF,0xFF,0xFF,0xFF,
  0xFF,0xFF,0xF8,0xE4,0xBF,0x77,0x14,0x00,0x00,0x00,0xFF,0xFF,0xFF,0xFF,0xFF,0xFF,0xFF,0xFF,0xFF,0xFF,
  0xFF,0xFF,0xF0,0x56,0x00,0x00,0xFF,0xFF,0xFF,0xFF,0xFF,0xFF,0xFF,0xFF,0xFF,0xFF,0xFF,0xFF,0xFF,0xFB,
  0x3C,0x00,0xFF,0xFF,0xFF,0xFF,0x59,0x48,0x48,0x48,0x5E,0xA1,0xFC,0xFF,0xFF,0xFF,0xB8,0x00,0xFF,0xFF,
  0xFF,0xFF,0x18,0x00,0x00,0x00,0x00,0x00,0x77,0xFF,0xFF,0xFF,0xED,0x00,0xFF,0xFF,0xFF,0xFF,0x18,0x00,
  0x00,0x00,0x00,0x00,0x25,0xFF,0xFF,0xFF,0xF3,0x00,0xFF,0xFF,0xFF,0xFF,0x18,0x00,0x00,0x00,0x00,0x00,
  0x4D,0xFF,0xFF,0xFF,0xC2,0x00,0xFF,0xFF,0xFF,0xFF,0x18,0x00,0x00,0x00,0x0F,0x54,0xE7,0xFF,0xFF,0xFE,
  0x4A,0x00,0xFF,0xFF,0xFF,0xFF,0xFF,0xFF,0xFF,0xFF,0xFF,0xFF,0xFF,0xFF,0xF0,0x5E,0x00,0x00,0xFF,0xFF,
  0xFF,0xFF,0xFF,0xFF,0xFF,0xFF,0xFF,0xFF,0xFF,0xF5,0x8A,0x21,0x00,0x00,0xFF,0xFF,0xFF,0xFF,0xFF,0xFF,
  0xFF,0xFF,0xFF,0xFF,0xFF,0xFF,0xFF,0xFB,0x68,0x00,0xFF,0xFF,0xFF,0xFF,0x59,0x48,0x48,0x48,0x4D,0x6E,
  0xCD,0xFF,0xFF,0xFF,0xFE,0x3F,0xFF,0xFF,0xFF,0xFF,0x18,0x00,0x00,0x00,0x00,0x00,0x02,0xAA,0xFF,0xFF,
  0xFF,0xB4,0xFF,0xFF,0xFF,0xFF,0x18,0x00,0x00,0x00,0x00,0x00,0x00,0x30,0xFF,0xFF,0xFF,0xEA,0xFF,0xFF,
  0xFF,0xFF,0x18,0x00,0x00,0x00,0x00,0x00,0x00,0x2F,0xFF,0xFF,0xFF,0xF5,0xFF,0xFF,0xFF,0xFF,0x18,0x00,
  0x00,0x00,0x00,0x00,0x00,0x9B,0xFF,0xFF,0xFF,0xD5,0xFF,0xFF,0xFF,0xFF,0x59,0x48,0x48,0x48,0x50,0x6D,
  0xC4,0xFF,0xFF,0xFF,0xFF,0x81,0xFF,0xFF,0xFF,0xFF,0xFF,0xFF,0xFF,0xFF,0xFF,0xFF,0xFF,0xFF,0xFF,0xFF,
  0xDD,0x12,0xFF,0xFF,0xFF,0xFF,0xFF,0xFF,0xFF,0xFF,0xFF,0xFF,0xFF,0xFF,0xFF,0xCC,0x23,0x00,0xFF,0xFF,
  0xFF,0xFF,0xFF,0xFF,0xFF,0xFF,0xFF,0xF1,0xDB,0xA7,0x57,0x02,0x00,0x00,0x00,0x00,0x00,0x00,0x00,0x31,
  0x8D,0xCB,0xEF,0xFB,0xEE,0xD0,0x95,0x3A,0x00,0x00,0x00,0x00,0x00,0x00,0x00,0x00,0x1B,0xB0,0xFF,0xFF,
  0xFF,0xFF,0xFF,0xFF,0xFF,0xFF,0xFF,0xBF,0x24,0x00,0x00,0x00,0x00,0x00,0x2E,0xE7,0xFF,0xFF,0xFF,0xFF,
  0xFF,0xFF,0xFF,0xFF,0xFF,0xFF,0xFF,0xEE,0x36,0x00,0x00,0x00,0x18,0xE5,0xFF,0xFF,0xFF,0xFE,0xB2,0x6A,
  0x51,0x6D,0xB3,0xFF,0xFF,0xFF,0xFF,0xE8,0x16,0x00,0x00,0xA9,0xFF,0xFF,0xFF,0xF0,0x3F,0x00,0x00,0x00,
  0x00,0x00,0x4A,0xF9,0xFF,0xFF,0xFF,0x9A,0x00,0x2A,0xFE,0xFF,0xFF,0xFF,0x4C,0x00,0x00,0x00,0x00,0x00,
  0x00,0x00,0x70,0xFF,0xFF,0xFF,0xF8,0x0F,0x84,0xFF,0xFF,0xFF,0xC0,0x00,0x00,0x00,0x00,0x00,0x00,0x00,
  0x00,0x0F,0xF3,0xFC,0xFC,0xFC,0x48,0xC2,0xFF,0xFF,0xFF,0x6D,0x00,0x00,0x00,0x00,0x00,0x00,0x00,0x00,
  0x00,0x00,0x00,0x00,0x00,0x00,0xE9,0xFF,0xFF,0xFF,0x38,0x00,0x00,0x00,0x00,0x00,0x00,0x00,0x00,0x00,
  0x00,0x00,0x00,0x00,0x00,0xFA,0xFF,0xFF,0xFF,0x22,0x00,0x00,0x00,0x00,0x00,0x00,0x00,0x00,0x00,0x00,
  0x00,0x00,0x00,0x00,0xFA,0xFF,0xFF,0xFF,0x22,0x00,0x00,0x00,0x00,0x00,0x00,0x00,0x00,0x00,0x00,0x00,
  0x00,0x00,0x00,0xE9,0xFF,0xFF,0xFF,0x38,0x00,0x00,0x00,0x00,0x00,0x00,0x00,0x00,0x00,0x00,0x00,0x00,
  0x00,0x00,0xC2,0xFF,0xFF,0xFF,0x6B,0x00,0x00,0x00,0x00,0x00,0x00,0x00,0x00,0x00,0x00,0x00,0x00,0x00,
  0x00,0x83,0xFF,0xFF,0xFF,0xBD,0x00,0x00,0x00,0x00,0x00,0x00,0x00,0x00,0x0D,0xEB,0xF4,0xF4,0xF4,0x47,
  0x2A,0xFE,0xFF,0xFF,0xFF,0x48,0x00,0x00,0x00,0x00,0x00,0x00,0x00,0x6D,0xFF,0xFF,0xFF,0xF8,0x10,0x00,
  0xAA,0xFF,0xFF,0xFF,0xEE,0x3B,0x00,0x00,0x00,0x00,0x00,0x43,0xF8,0xFF,0xFF,0xFF,0x9C,0x00,0x00,0x18,
  0xE6,0xFF,0xFF,0xFF,0xFD,0xB0,0x69,0x50,0x6A,0xAD,0xFF,0xFF,0xFF,0xFF,0xE8,0x16,0x00,0x00,0x00,0x2E,
  0xE7,0xFF,0xFF,0xFF,0xFF,0xFF,0xFF,0xFF,0xFF,0xFF,0xFF,0xFF,0xED,0x34,0x00,0x00,0x00,0x00,0x00,0x1B,
  0xB1,0xFF,0xFF,0xFF,0xFF,0xFF,0xFF,0xFF,0xFF,0xFF,0xBF,0x22,0x00,0x00,0x00,0x00,0x00,0x00,0x00,0x00,
  0x33,0x8F,0xCD,0xF0,0xFC,0xEF,0xD1,0x96,0x3C,0x00,0x00,0x00,0x00,0x00,0xFF,0xFF,0xFF,0xFF,0xFF,0xFF,
  0xFF,0xFB,0xED,0xCA,0x90,0x39,0x00,0x00,0x00,0x00,0x00,0x00,0xFF,0xFF,0xFF,0xFF,0xFF,0xFF,0xFF,0xFF,
  0xFF,0xFF,0xFF,0xFF,0xBF,0x27,0x00,0x00,0x00,0x00,0xFF,0xFF,0xFF,0xFF,0xFF,0xFF,0xFF,0xFF,0xFF,0xFF,
  0xFF,0xFF,0xFF,0xF2,0x43,0x00,0x00,0x00,0xFF,0xFF,0xFF,0xFF,0x60,0x48,0x48,0x54,0x70,0xB8,0xFD,0xFF,
  0xFF,0xFF,0xF2,0x2A,0x00,0x00,0xFF,0xFF,0xFF,0xFF,0x18,0x00,0x00,0x00,0x00,0x00,0x33,0xE2,0xFF,0xFF,
  0xFF,0xC5,0x00,0x00,0xFF,0xFF,0xFF,0xFF,0x18,0x00,0x00,0x00,0x00,0x00,0x00,0x2D,0xFB,0xFF,0xFF,0xFF,
  0x41,0x00,0xFF,0xFF,0xFF,0xFF,0x18,0x00,0x00,0x00,0x00,0x00,0x00,0x00,0x9C,0xFF,0xFF,0xFF,0x9B,0x00,
  0xFF,0xFF,0xFF,0xFF,0x18,0x00,0x00,0x00,0x00,0x00,0x00,0x00,0x4D,0xFF,0xFF,0xFF,0xDA,0x00,0xFF,0xFF,
  0xFF,0xFF,0x18,0x00,0x00,0x00,0x00,0x00,0x00,0x00,0x1F,0xFF,0xFF,0xFF,0xFC,0x03,0xFF,0xFF,0xFF,0xFF,
  0x18,0x00,0x00,0x00,0x00,0x00,0x00,0x00,0x0A,0xFF,0xFF,0xFF,0xFF,0x11,0xFF,0xFF,0xFF,0xFF,0x18,0x00,
  0x00,0x00,0x00,0x00,0x00,0x00,0x0B,0xFF,0xFF,0xFF,0xFF,0x10,0xFF,0xFF,0xFF,0xFF,0x18,0x00,0x00,0x00,
  0x00,0x00,0x00,0x00,0x20,0xFF,0xFF,0xFF,0xFC,0x03,0xFF,0xFF,0xFF,0xFF,0x18,0x00,0x00,0x00,0x00,0x00,
  0x00,0x00,0x4F,0xFF,0xFF,0xFF,0xD9,0x00,0xFF,0xFF,0xFF,0xFF,0x18,0x00,0x00,0x00,0x00,0x00,0x00,0x00,
  0x9E,0xFF,0xFF,0xFF,0x9B,0x00,0xFF,0xFF,0xFF,0xFF,0x18,0x00,0x00,0x00,0x00,0x00,0x00,0x2F,0xFB,0xFF,
  0xFF,0xFF,0x41,0x00,0xFF,0xFF,0xFF,0xFF,0x18,0x00,0x00,0x00,0x00,0x00,0x36,0xE4,0xFF,0xFF,0xFF,0xC5,
  0x00,0x00,0xFF,0xFF,0xFF,0xFF,0x60,0x48,0x48,0x56,0x71,0xBB,0xFD,0xFF,0xFF,0xFF,0xF2,0x29,0x00,0x00,
  0xFF,0xFF,0xFF,0xFF,0xFF,0xFF,0xFF,0xFF,0xFF,0xFF,0xFF,0xFF,0xFF,0xF1,0x42,0x00,0x00,0x00,0xFF,0xFF,
  0xFF,0xFF,0xFF,0xFF,0xFF,0xFF,0xFF,0xFF,0xFF,0xFF,0xBD,0x26,0x00,0x00,0x00,0x00,0xFF,0xFF,0xFF,0xFF,
  0xFF,0xFF,0xFF,0xFB,0xEC,0xC7,0x8D,0x36,0x00,0x00,0x00,0x00,0x00,0x00,0xFF,0xFF,0xFF,0xFF,0xFF,0xFF,
  0xFF,0xFF,0xFF,0xFF,0xFF,0xFF,0xFF,0xFF,0x80,0xFF,0xFF,0xFF,0xFF,0xFF,0xFF,0xFF,0xFF,0xFF,0xFF,0xFF,
  0xFF,0xFF,0xFF,0x80,0xFF,0xFF,0xFF,0xFF,0xFF,0xFF,0xFF,0xFF,0xFF,0xFF,0xFF,0xFF,0xFF,0xFF,0x80,0xFF,
  0xFF,0xFF,0xFF,0x59,0x48,0x48,0x48,0x48,0x48,0x48,0x48,0x48,0x48,0x24,0xFF,0xFF,0xFF,0xFF,0x18,0x00,
  0x00,0x00,0x00,0x00,0x00,0x00,0x00,0x00,0x00,0xFF,0xFF,0xFF,0xFF,0x18,0x00,0x00,0x00,0x00,0x00,0x00,
  0x00,0x00,0x00,0x00,0xFF,0xFF,0xFF,0xFF,0x18,0x00,0x00,0x00,0x00,0x00,0x00,0x00,0x00,0x00,0x00,0xFF,
  0xFF,0xFF,0xFF,0x18,0x00,0x00,0x00,0x00,0x00,0x00,0x00,0x00,0x00,0x00,0xFF,0xFF,0xFF,0xFF,0xFF,0xFF,
  0xFF,0xFF,0xFF,0xFF,0xFF,0xFF,0xFF,0x80,0x00,0xFF,0xFF,0xFF,0xFF,0xFF,0xFF,0xFF,0xFF,0xFF,0xFF,0xFF,
  0xFF,0xFF,0x80,0x00,0xFF,0xFF,0xFF,0xFF,0xFF,0xFF,0xFF,0xFF,0xFF,0xFF,0xFF,0xFF,0xFF,0x80,0x00,0xFF,
  0xFF,0xFF,0xFF,0x59,0x48,0x48,0x48,0x48,0x48,0x48,0x48,0x48,0x24,0x00,0xFF,0xFF,0xFF,0xFF,0x18,0x00,
  0x00,0x00,0x00,0x00,0x00,0x00,0x00,0x00,0x00,0xFF,0xFF,0xFF,0xFF,0x18,0x00,0x00,0x00,0x00,0x00,0x00,
  0x00,0x00,0x00,0x00,0xFF,0xFF,0xFF,0xFF,0x18,0x00,0x00,0x00,0x00,0x00,0x00,0x00,0x00,0x00,0x00,0xFF,
  0xFF,0xFF,0xFF,0x18,0x00,0x00,0x00,0x00,0x00,0x00,0x00,0x00,0x00,0x00,0xFF,0xFF,0xFF,0xFF,0x59,0x48,
  0x48,0x48,0x48,0x48,0x48,0x48,0x48,0x48,0x24,0xFF,0xFF,0xFF,0xFF,0xFF,0xFF,0xFF,0xFF,0xFF,0xFF,0xFF,
  0xFF,0xFF,0xFF,0x80,0xFF,0xFF,0xFF,0xFF,0xFF,0xFF,0xFF,0xFF,0xFF,0xFF,0xFF,0xFF,0xFF,0xFF,0x80,0xFF,
  0xFF,0xFF,0xFF,0xFF,0xFF,0xFF,0xFF,0xFF,0xFF,0xFF,0xFF,0xFF,0xFF,0x80,0xFF,0xFF,0xFF,0xFF,0xFF,0xFF,
  0xFF,0xFF,0xFF,0xFF,0xFF,0xFF,0xFF,0xFF,0xFF,0xFF,0xFF,0xFF,0xFF,0xFF,0xFF,0xFF,0xFF,0xFF,0xFF,0xFF,
  0xFF,0xFF,0xFF,0xFF,0xFF,0xFF,0xFF,0xFF,0xFF,0xFF,0xFF,0xFF,0xFF,0xFF,0xFF,0xFF,0xFF,0xFF,0xFF,0xFF,
  0x59,0x48,0x48,0x48,0x48,0x48,0x48,0x48,0x48,0x48,0xFF,0xFF,0xFF,0xFF,0x18,0x00,0x00,0x00,0x00,0x00,
  0x00,0x00,0x00,0x00,0xFF,0xFF,0xFF,0xFF,0x18,0x00,0x00,0x00,0x00,0x00,0x00,0x00,0x00,0x00,0xFF,0xFF,
  0xFF,0xFF,0x18,0x00,0x00,0x00,0x00,0x00,0x00,0x00,0x00,0x00,0xFF,0xFF,0xFF,0xFF,0x18,0x00,0x00,0x00,
  0x00,0x00,0x00,0x00,0x00,0x00,0xFF,0xFF,0xFF,0xFF,0x59,0x48,0x48,0x48,0x48,0x48,0x48,0x48,0x48,0x24,
  0xFF,0xFF,0xFF,0xFF,0xFF,0xFF,0xFF,0xFF,0xFF,0xFF,0xFF,0xFF,0xFF,0x80,0xFF,0xFF,0xFF,0xFF,0xFF,0xFF,
  0xFF,0xFF,0xFF,0xFF,0xFF,0xFF,0xFF,0x80,0xFF,0xFF,0xFF,0xFF,0xFF,0xFF,0xFF,0xFF,0xFF,0xFF,0xFF,0xFF,
  0xFF,0x80,0xFF,0xFF,0xFF,0xFF,0x18,0x00,0x00,0x00,0x00,0x00,0x00,0x00,0x00,0x00,0xFF,0xFF,0xFF,0xFF,
  0x18,0x00,0x00,0x00,0x00,0x00,0x00,0x00,0x00,0x00,0xFF,0xFF,0xFF,0xFF,0x18,0x00,0x00,0x00,0x00,0x00,
  0x00,0x00,0x00,0x00,0xFF,0xFF,0xFF,0xFF,0x18,0x00,0x00,0x00,0x00,0x00,0x00,0x00,0x00,0x00,0xFF,0xFF,
  0xFF,0xFF,0x18,0x00,0x00,0x00,0x00,0x00,0x00,0x00,0x00,0x00,0xFF,0xFF,0xFF,0xFF,0x18,0x00,0x00,0x00,
  0x00,0x00,0x00,0x00,0x00,0x00,0xFF,0xFF,0xFF,0xFF,0x18,0x00,0x00,0x00,0x00,0x00,0x00,0x00,0x00,0x00,
  0xFF,0xFF,0xFF,0xFF,0x18,0x00,0x00,0x00,0x00,0x00,0x00,0x00,0x00,0x00,0x00,0x00,0x00,0x00,0x00,0x22,
  0x7E,0xC1,0xE9,0xFA,0xF3,0xDE,0xAD,0x68,0x11,0x00,0x00,0x00,0x00,0x00,0x00,0x00,0x11,0x9C,0xFC,0xFF,
  0xFF,0xFF,0xFF,0xFF,0xFF,0xFF,0xFF,0xF4,0x7C,0x04,0x00,0x00,0x00,0x00,0x22,0xDB,0xFF,0xFF,0xFF,0xFF,
  0xFF,0xFF,0xFF,0xFF,0xFF,0xFF,0xFF,0xFF,0xBD,0x0C,0x00,0x00,0x0F,0xDA,0xFF,0xFF,0xFF,0xFF,0xC8,0x73,
  0x53,0x5C,0x83,0xE2,0xFF,0xFF,0xFF,0xFF,0xAE,0x00,0x00,0x9B,0xFF,0xFF,0xFF,0xF7,0x56,0x00,0x00,0x00,
  0x00,0x00,0x04,0x9B,0xFF,0xFF,0xFF,0xFF,0x48,0x22,0xFC,0xFF,0xFF,0xFF,0x5C,0x00,0x00,0x00,0x00,0x00,
  0x00,0x00,0x00,0xCF,0xFF,0xFF,0xFF,0xA6,0x7E,0xFF,0xFF,0xFF,0xC8,0x00,0x00,0x00,0x00,0x00,0x00,0x00,
  0x00,0x00,0x22,0x44,0x44,0x44,0x36,0xBF,0xFF,0xFF,0xFF,0x71,0x00,0x00,0x00,0x00,0x00,0x00,0x00,0x00,
  0x00,0x00,0x00,0x00,0x00,0x00,0xE8,0xFF,0xFF,0xFF,0x39,0x00,0x00,0x00,0x00,0x00,0x36,0x48,0x48,0x48,
  0x48,0x48,0x48,0x48,0x48,0xF9,0xFF,0xFF,0xFF,0x23,0x00,0x00,0x00,0x00,0x00,0xC0,0xFF,0xFF,0xFF,0xFF,
  0xFF,0xFF,0xFF,0xFF,0xF9,0xFF,0xFF,0xFF,0x22,0x00,0x00,0x00,0x00,0x00,0xC0,0xFF,0xFF,0xFF,0xFF,0xFF,
  0xFF,0xFF,0xFF,0xE8,0xFF,0xFF,0xFF,0x39,0x00,0x00,0x00,0x00,0x00,0xC0,0xFF,0xFF,0xFF,0xFF,0xFF,0xFF,
  0xFF,0xFC,0xBF,0xFF,0xFF,0xFF,0x70,0x00,0x00,0x00,0x00,0x00,0x00,0x00,0x00,0x00,0x2A,0xFF,0xFF,0xFF,
  0xEA,0x7D,0xFF,0xFF,0xFF,0xC6,0x00,0x00,0x00,0x00,0x00,0x00,0x00,0x00,0x00,0x5C,0xFF,0xFF,0xFF,0xBF,
  0x22,0xFC,0xFF,0xFF,0xFF,0x5A,0x00,0x00,0x00,0x00,0x00,0x00,0x00,0x04,0xCC,0xFF,0xFF,0xFF,0x73,0x00,
  0x95,0xFF,0xFF,0xFF,0xF6,0x53,0x00,0x00,0x00,0x00,0x00,0x09,0xA2,0xFF,0xFF,0xFF,0xEF,0x10,0x00,0x08,
  0xD0,0xFF,0xFF,0xFF,0xFF,0xC6,0x73,0x54,0x57,0x83,0xE0,0xFF,0xFF,0xFF,0xFE,0x51,0x00,0x00,0x00,0x21,
  0xD2,0xFF,0xFF,0xFF,0xFF,0xFF,0xFF,0xFF,0xFF,0xFF,0xFF,0xFF,0xFE,0x78,0x00,0x00,0x00,0x00,0x00,0x09,
  0x9B,0xFD,0xFF,0xFF,0xFF,0xFF,0xFF,0xFF,0xFF,0xFF,0xE5,0x45,0x00,0x00,0x00,0x00,0x00,0x00,0x00,0x00,
  0x27,0x83,0xC3,0xEB,0xFB,0xF7,0xDF,0xAF,0x61,0x09,0x00,0x00,0x00,0x00,0xFF,0xFF,0xFF,0xFF,0x18,0x00,
  0x00,0x00,0x00,0x00,0x00,0x00,0x18,0xFF,0xFF,0xFF,0xFF,0xFF,0xFF,0xFF,0xFF,0x18,0x00,0x00,0x00,0x00,
  0x00,0x00,0x00,0x18,0xFF,0xFF,0xFF,0xFF,0xFF,0xFF,0xFF,0xFF,0x18,0x00,0x00,0x00,0x00,0x00,0x00,0x00,
  0x18,0xFF,0xFF,0xFF,0xFF,0xFF,0xFF,0xFF,0xFF,0x18,0x00,0x00,0x00,0x00,0x00,0x00,0x00,0x18,0xFF,0xFF,
  0xFF,0xFF,0xFF,0xFF,0xFF,0xFF,0x18,0x00,0x00,0x00,0x00,0x00,0x00,0x00,0x18,0xFF,0xFF,0xFF,0xFF,0xFF,
  0xFF,0xFF,0xFF,0x18,0x00,0x00,0x00,0x00,0x00,0x00,0x00,0x18,0xFF,0xFF,0xFF,0xFF,0xFF,0xFF,0xFF,0xFF,
  0x18,0x00,0x00,0x00,0x00,0x00,0x00,0x00,0x18,0xFF,0xFF,0xFF,0xFF,0xFF,0xFF,0xFF,0xFF,0x18,0x00,0x00,
  0x00,0x00,0x00,0x00,0x00,0x18,0xFF,0xFF,0xFF,0xFF,0xFF,0xFF,0xFF,0xFF,0xFF,0xFF,0xFF,0xFF,0xFF,0xFF,
  0xFF,0xFF,0xFF,0xFF,0xFF,0xFF,0xFF,0xFF,0xFF,0xFF,0xFF,0xFF,0xFF,0xFF,0xFF,0xFF,0xFF,0xFF,0xFF,0xFF,
  0xFF,0xFF,0xFF,0xFF,0xFF,0xFF,0xFF,0xFF,0xFF,0xFF,0xFF,0xFF,0xFF,0xFF,0xFF,0xFF,0xFF,0xFF,0xFF,0xFF,
  0xFF,0xFF,0xFF,0xFF,0xFF,0x59,0x48,0x48,0x48,0x48,0x48,0x48,0x48,0x59,0xFF,0xFF,0xFF,0xFF,0xFF,0xFF,
  0xFF,0xFF,0x18,0x00,0x00,0x00,0x00,0x00,0x00,0x00,0x18,0xFF,0xFF,0xFF,0xFF,0xFF,0xFF,0xFF,0xFF,0x18,
  0x00,0x00,0x00,0x00,0x00,0x00,0x00,0x18,0xFF,0xFF,0xFF,0xFF,0xFF,0xFF,0xFF,0xFF,0x18,0x00,0x00,0x00,
  0x00,0x00,0x00,0x00,0x18,0xFF,0xFF,0xFF,0xFF,0xFF,0xFF,0xFF,0xFF,0x18,0x00,0x00,0x00,0x00,0x00,0x00,
  0x00,0x18,0xFF,0xFF,0xFF,0xFF,0xFF,0xFF,0xFF,0xFF,0x18,0x00,0x00,0x00,0x00,0x00,0x00,0x00,0x18,0xFF,
  0xFF,0xFF,0xFF,0xFF,0xFF,0xFF,0xFF,0x18,0x00,0x00,0x00,0x00,0x00,0x00,0x00,0x18,0xFF,0xFF,0xFF,0xFF,
  0xFF,0xFF,0xFF,0xFF,0x18,0x00,0x00,0x00,0x00,0x00,0x00,0x00,0x18,0xFF,0xFF,0xFF,0xFF,0xFF,0xFF,0xFF,
  0xFF,0x18,0x00,0x00,0x00,0x00,0x00,0x00,0x00,0x18,0xFF,0xFF,0xFF,0xFF,0xFF,0xFF,0xFF,0xFF,0x18,0xFF,
  0xFF,0xFF,0xFF,0x18,0xFF,0xFF,0xFF,0xFF,0x18,0xFF,0xFF,0xFF,0xFF,0x18,0xFF,0xFF,0xFF,0xFF,0x18,0xFF,
  0xFF,0xFF,0xFF,0x18,0xFF,0xFF,0xFF,0xFF,0x18,0xFF,0xFF,0xFF,0xFF,0x18,0xFF,0xFF,0xFF,0xFF,0x18,0xFF,
  0xFF,0xFF,0xFF,0x18,0xFF,0xFF,0xFF,0xFF,0x18,0xFF,0xFF,0xFF,0xFF,0x18,0xFF,0xFF,0xFF,0xFF,0x18,0xFF,
  0xFF,0xFF,0xFF,0x18,0xFF,0xFF,0xFF,0xFF,0x18,0xFF,0xFF,0xFF,0xFF,0x18,0xFF,0xFF,0xFF,0xFF,0x18,0xFF,
  0xFF,0xFF,0xFF,0x18,0xFF,0xFF,0xFF,0xFF,0x18,0xFF,0xFF,0xFF,0xFF,0x18,0x00,0x00,0x00,0x00,0x00,0x00,
  0x00,0x00,0x00,0xFF,0xFF,0xFF,0xFF,0x18,0x00,0x00,0x00,0x00,0x00,0x00,0x00,0x00,0x00,0xFF,0xFF,0xFF,
  0xFF,0x18,0x00,0x00,0x00,0x00,0x00,0x00,0x00,0x00,0x00,0xFF,0xFF,0xFF,0xFF,0x18,0x00,0x00,0x00,0x00,
  0x00,0x00,0x00,0x00,0x00,0xFF,0xFF,0xFF,0xFF,0x18,0x00,0x00,0x00,0x00,0x00,0x00,0x00,0x00,0x00,0xFF,
  0xFF,0xFF,0xFF,0x18,0x00,0x00,0x00,0x00,0x00,0x00,0x00,0x00,0x00,0xFF,0xFF,0xFF,0xFF,0x18,0x00,0x00,
  0x00,0x00,0x00,0x00,0x00,0x00,0x00,0xFF,0xFF,0xFF,0xFF,0x18,0x00,0x00,0x00,0x00,0x00,0x00,0x00,0x00,
  0x00,0xFF,0xFF,0xFF,0xFF,0x18,0x00,0x00,0x00,0x00,0x00,0x00,0x00,0x00,0x00,0xFF,0xFF,0xFF,0xFF,0x18,
  0x00,0x00,0x00,0x00,0x00,0x00,0x00,0x00,0x00,0xFF,0xFF,0xFF,0xFF,0x18,0x00,0x00,0x00,0x00,0x00,0x00,
  0x00,0x00,0x00,0xFF,0xFF,0xFF,0xFF,0x18,0x00,0x00,0x00,0x00,0x00,0x00,0x00,0x00,0x00,0xFF,0xFF,0xFF,
  0xFF,0x18,0x78,0x78,0x78,0x78,0x0B,0x00,0x00,0x00,0x00,0xFF,0xFF,0xFF,0xFF,0x18,0xFF,0xFF,0xFF,0xFF,
  0x18,0x00,0x00,0x00,0x00,0xFF,0xFF,0xFF,0xFF,0x17,0xF3,0xFF,0xFF,0xFF,0x2D,0x00,0x00,0x00,0x16,0xFF,
  0xFF,0xFF,0xFF,0x09,0xD1,0xFF,0xFF,0xFF,0x7A,0x00,0x00,0x00,0x64,0xFF,0xFF,0xFF,0xE6,0x00,0x85,0xFF,
  0xFF,0xFF,0xFA,0x8A,0x53,0x80,0xF6,0xFF,0xFF,0xFF,0x99,0x00,0x15,0xEA,0xFF,0xFF,0xFF,0xFF,0xFF,0xFF,
  0xFF,0xFF,0xFF,0xF0,0x1F,0x00,0x00,0x34,0xE4,0xFF,0xFF,0xFF,0xFF,0xFF,0xFF,0xFF,0xE9,0x3E,0x00,0x00,
  0x00,0x00,0x10,0x76,0xC5,0xEE,0xFC,0xEE,0xC6,0x7B,0x13,0x00,0x00,0x00,0xFF,0xFF,0xFF,0xFF,0x18,0x00,
  0x00,0x00,0x00,0x00,0x00,0x47,0xFB,0xFF,0xFF,0xFF,0xC6,0x08,0xFF,0xFF,0xFF,0xFF,0x18,0x00,0x00,0x00,
  0x00,0x00,0x2E,0xF2,0xFF,0xFF,0xFF,0xDA,0x13,0x00,0xFF,0xFF,0xFF,0xFF,0x18,0x00,0x00,0x00,0x00,0x1A,
  0xE3,0xFF,0xFF,0xFF,0xE9,0x22,0x00,0x00,0xFF,0xFF,0xFF,0xFF,0x18,0x00,0x00,0x00,0x0C,0xCE,0xFF,0xFF,
  0xFF,0xF5,0x36,0x00,0x00,0x00,0xFF,0xFF,0xFF,0xFF,0x18,0x00,0x00,0x03,0xB4,0xFF,0xFF,0xFF,0xFC,0x4D,
  0x00,0x00,0x00,0x00,0xFF,0xFF,0xFF,0xFF,0x18,0x00,0x00,0x95,0xFF,0xFF,0xFF,0xFF,0x69,0x00,0x00,0x00,
  0x00,0x00,0xFF,0xFF,0xFF,0xFF,0x18,0x00,0x70,0xFF,0xFF,0xFF,0xFF,0x87,0x00,0x00,0x00,0x00,0x00,0x00,
  0xFF,0xFF,0xFF,0xFF,0x18,0x4A,0xFC,0xFF,0xFF,0xFF,0xA5,0x01,0x00,0x00,0x00,0x00,0x00,0x00,0xFF,0xFF,
  0xFF,0xFF,0x41,0xF1,0xFF,0xFF,0xFF,0xFF,0x06,0x00,0x00,0x00,0x00,0x00,0x00,0x00,0xFF,0xFF,0xFF,0xFF,
  0xF2,0xFF,0xFF,0xFF,0xFF,0xFF,0x39,0x00,0x00,0x00,0x00,0x00,0x00,0x00,0xFF,0xFF,0xFF,0xFF,0xFF,0xFF,
  0xFF,0xFF,0xFF,0xFF,0xDB,0x0B,0x00,0x00,0x00,0x00,0x00,0x00,0xFF,0xFF,0xFF,0xFF,0xFF,0xFF,0xE2,0xFC,
  0xFF,0xFF,0xFF,0x97,0x00,0x00,0x00,0x00,0x00,0x00,0xFF,0xFF,0xFF,0xFF,0xFF,0xCF,0x0D,0x73,0xFF,0xFF,
  0xFF,0xFF,0x48,0x00,0x00,0x00,0x00,0x00,0xFF,0xFF,0xFF,0xFF,0xF8,0x19,0x00,0x02,0xC4,0xFF,0xFF,0xFF,
  0xE5,0x12,0x00,0x00,0x00,0x00,0xFF,0xFF,0xFF,0xFF,0x41,0x00,0x00,0x00,0x25,0xF5,0xFF,0xFF,0xFF,0xA9,
  0x00,0x00,0x00,0x00,0xFF,0xFF,0xFF,0xFF,0x18,0x00,0x00,0x00,0x00,0x6F,0xFF,0xFF,0xFF,0xFF,0x59,0x00,
  0x00,0x00,0xFF,0xFF,0xFF,0xFF,0x18,0x00,0x00,0x00,0x00,0x01,0xC1,0xFF,0xFF,0xFF,0xEE,0x1B,0x00,0x00,
  0xFF,0xFF,0xFF,0xFF,0x18,0x00,0x00,0x00,0x00,0x00,0x22,0xF4,0xFF,0xFF,0xFF,0xB9,0x01,0x00,0xFF,0xFF,
  0xFF,0xFF,0x18,0x00,0x00,0x00,0x00,0x00,0x00,0x6B,0xFF,0xFF,0xFF,0xFF,0x6B,0x00,0xFF,0xFF,0xFF,0xFF,
  0x18,0x00,0x00,0x00,0x00,0x00,0x00,0x01,0xBC,0xFF,0xFF,0xFF,0xF5,0x26,0xFF,0xFF,0xFF,0xFF,0x18,0x00,
  0x00,0x00,0x00,0x00,0x00,0x00,0x00,0x00,0xFF,0xFF,0xFF,0xFF,0x18,0x00,0x00,0x00,0x00,0x00,0x00,0x00,
  0x00,0x00,0xFF,0xFF,0xFF,0xFF,0x18,0x00,0x00,0x00,0x00,0x00,0x00,0x00,0x00,0x00,0xFF,0xFF,0xFF,0xFF,
  0x18,0x00,0x00,0x00,0x00,0x00,0x00,0x00,0x00,0x00,0xFF,0xFF,0xFF,0xFF,0x18,0x00,0x00,0x00,0x00,0x00,
  0x00,0x00,0x00,0x00,0xFF,0xFF,0xFF,0xFF,0x18,0x00,0x00,0x00,0x00,0x00,0x00,0x00,0x00,0x00,0xFF,0xFF,
  0xFF,0xFF,0x18,0x00,0x00,0x00,0x00,0x00,0x00,0x00,0x00,0x00,0xFF,0xFF,0xFF,0xFF,0x18,0x00,0x00,0x00,
  0x00,0x00,0x00,0x00,0x00,0x00,0xFF,0xFF,0xFF,0xFF,0x18,0x00,0x00,0x00,0x00,0x00,0x00,0x00,0x00,0x00,
  0xFF,0xFF,0xFF,0xFF,0x18,0x00,0x00,0x00,0x00,0x00,0x00,0x00,0x00,0x00,0xFF,0xFF,0xFF,0xFF,0x18,0x00,
  0x00,0x00,0x00,0x00,0x00,0x00,0x00,0x00,0xFF,0xFF,0xFF,0xFF,0x18,0x00,0x00,0x00,0x00,0x00,0x00,0x00,
  0x00,0x00,0xFF,0xFF,0xFF,0xFF,0x18,0x00,0x00,0x00,0x00,0x00,0x00,0x00,0x00,0x00,0xFF,0xFF,0xFF,0xFF,
  0x18,0x00,0x00,0x00,0x00,0x00,0x00,0x00,0x00,0x00,0xFF,0xFF,0xFF,0xFF,0x18,0x00,0x00,0x00,0x00,0x00,
  0x00,0x00,0x00,0x00,0xFF,0xFF,0xFF,0xFF,0x18,0x00,0x00,0x00,0x00,0x00,0x00,0x00,0x00,0x00,0xFF,0xFF,
  0xFF,0xFF,0x59,0x48,0x48,0x48,0x48,0x48,0x48,0x48,0x48,0x24,0xFF,0xFF,0xFF,0xFF,0xFF,0xFF,0xFF,0xFF,
  0xFF,0xFF,0xFF,0xFF,0xFF,0x80,0xFF,0xFF,0xFF,0xFF,0xFF,0xFF,0xFF,0xFF,0xFF,0xFF,0xFF,0xFF,0xFF,0x80,
  0xFF,0xFF,0xFF,0xFF,0xFF,0xFF,0xFF,0xFF,0xFF,0xFF,0xFF,0xFF,0xFF,0x80,0xFF,0xFF,0xFF,0xFF,0xFF,0xFF,
  0x69,0x00,0x00,0x00,0x00,0x00,0x00,0x00,0x00,0x56,0xFF,0xFF,0xFF,0xFF,0xFF,0xFF,0x18,0xFF,0xFF,0xFF,
  0xFF,0xFF,0xFF,0xC6,0x00,0x00,0x00,0x00,0x00,0x00,0x00,0x00,0xB0,0xFF,0xFF,0xFF,0xFF,0xFF,0xFF,0x18,
  0xFF,0xFF,0xFF,0xFF,0xFF,0xFF,0xFF,0x23,0x00,0x00,0x00,0x00,0x00,0x00,0x11,0xF9,0xFF,0xFF,0xFF,0xFF,
  0xFF,0xFF,0x18,0xFF,0xFF,0xFF,0xFF,0xFF,0xFF,0xFF,0x7F,0x00,0x00,0x00,0x00,0x00,0x00,0x66,0xFF,0xFF,
  0xFF,0xFF,0xFF,0xFF,0xFF,0x18,0xFF,0xFF,0xFF,0xFF,0xEC,0xFF,0xFF,0xDA,0x00,0x00,0x00,0x00,0x00,0x00,
  0xC0,0xFF,0xFF,0xD7,0xFF,0xFF,0xFF,0xFF,0x18,0xFF,0xFF,0xFF,0xFF,0xA1,0xFF,0xFF,0xFF,0x38,0x00,0x00,
  0x00,0x00,0x1C,0xFE,0xFF,0xFF,0x8E,0xFF,0xFF,0xFF,0xFF,0x18,0xFF,0xFF,0xFF,0xFF,0x54,0xFF,0xFF,0xFF,
  0x94,0x00,0x00,0x00,0x00,0x76,0xFF,0xFF,0xFF,0x44,0xFF,0xFF,0xFF,0xFF,0x18,0xFF,0xFF,0xFF,0xFF,0x1B,
  0xEC,0xFF,0xFF,0xEB,0x05,0x00,0x00,0x00,0xD0,0xFF,0xFF,0xF2,0x06,0xFF,0xFF,0xFF,0xFF,0x18,0xFF,0xFF,
  0xFF,0xFF,0x18,0xA2,0xFF,0xFF,0xFF,0x4D,0x00,0x00,0x2B,0xFF,0xFF,0xFF,0xAD,0x00,0xFF,0xFF,0xFF,0xFF,
  0x18,0xFF,0xFF,0xFF,0xFF,0x18,0x51,0xFF,0xFF,0xFF,0xA5,0x00,0x00,0x83,0xFF,0xFF,0xFF,0x60,0x00,0xFF,
  0xFF,0xFF,0xFF,0x18,0xFF,0xFF,0xFF,0xFF,0x18,0x09,0xF3,0xFF,0xFF,0xEE,0x03,0x00,0xD6,0xFF,0xFF,0xFA,
  0x12,0x00,0xFF,0xFF,0xFF,0xFF,0x18,0xFF,0xFF,0xFF,0xFF,0x18,0x00,0xA4,0xFF,0xFF,0xFF,0x3D,0x20,0xFF,
  0xFF,0xFF,0xB4,0x00,0x00,0xFF,0xFF,0xFF,0xFF,0x18,0xFF,0xFF,0xFF,0xFF,0x18,0x00,0x4A,0xFF,0xFF,0xFF,
  0x88,0x6A,0xFF,0xFF,0xFF,0x5C,0x00,0x00,0xFF,0xFF,0xFF,0xFF,0x18,0xFF,0xFF,0xFF,0xFF,0x18,0x00,0x04,
  0xEB,0xFF,0xFF,0xD0,0xB1,0xFF,0xFF,0xF6,0x0D,0x00,0x00,0xFF,0xFF,0xFF,0xFF,0x18,0xFF,0xFF,0xFF,0xFF,
  0x18,0x00,0x00,0x96,0xFF,0xFF,0xFF,0xFF,0xFF,0xFF,0xAA,0x00,0x00,0x00,0xFF,0xFF,0xFF,0xFF,0x18,0xFF,
  0xFF,0xFF,0xFF,0x18,0x00,0x00,0x3D,0xFF,0xFF,0xFF,0xFF,0xFF,0xFF,0x52,0x00,0x00,0x00,0xFF,0xFF,0xFF,
  0xFF,0x18,0xFF,0xFF,0xFF,0xFF,0x18,0x00,0x00,0x01,0xE1,0xFF,0xFF,0xFF,0xFF,0xF1,0x08,0x00,0x00,0x00,
  0xFF,0xFF,0xFF,0xFF,0x18,0xFF,0xFF,0xFF,0xFF,0x18,0x00,0x00,0x00,0x89,0xFF,0xFF,0xFF,0xFF,0xA1,0x00,
  0x00,0x00,0x00,0xFF,0xFF,0xFF,0xFF,0x18,0xFF,0xFF,0xFF,0xFF,0x18,0x00,0x00,0x00,0x2F,0xFF,0xFF,0xFF,
  0xFF,0x48,0x00,0x00,0x00,0x00,0xFF,0xFF,0xFF,0xFF,0x18,0xFF,0xFF,0xFF,0xFF,0x18,0x00,0x00,0x00,0x00,
  0xD5,0xFF,0xFF,0xEB,0x04,0x00,0x00,0x00,0x00,0xFF,0xFF,0xFF,0xFF,0x18,0xFF,0xFF,0xFF,0xFF,0xC4,0x01,
  0x00,0x00,0x00,0x00,0x00,0x00,0x00,0xFF,0xFF,0xFF,0xFF,0x18,0xFF,0xFF,0xFF,0xFF,0xFF,0x64,0x00,0x00,
  0x00,0x00,0x00,0x00,0x00,0xFF,0xFF,0xFF,0xFF,0x18,0xFF,0xFF,0xFF,0xFF,0xFF,0xED,0x14,0x00,0x00,0x00,
  0x00,0x00,0x00,0xFF,0xFF,0xFF,0xFF,0x18,0xFF,0xFF,0xFF,0xFF,0xFF,0xFF,0x9F,0x00,0x00,0x00,0x00,0x00,
  0x00,0xFF,0xFF,0xFF,0xFF,0x18,0xFF,0xFF,0xFF,0xFF,0xFF,0xFF,0xFE,0x3D,0x00,0x00,0x00,0x00,0x00,0xFF,
  0xFF,0xFF,0xFF,0x18,0xFF,0xFF,0xFF,0xFF,0xFF,0xFF,0xFF,0xD4,0x05,0x00,0x00,0x00,0x00,0xFF,0xFF,0xFF,
  0xFF,0x18,0xFF,0xFF,0xFF,0xFF,0x8E,0xFF,0xFF,0xFF,0x78,0x00,0x00,0x00,0x00,0xFF,0xFF,0xFF,0xFF,0x18,
  0xFF,0xFF,0xFF,0xFF,0x20,0xE2,0xFF,0xFF,0xF5,0x1F,0x00,0x00,0x00,0xFF,0xFF,0xFF,0xFF,0x18,0xFF,0xFF,
  0xFF,0xFF,0x18,0x5F,0xFF,0xFF,0xFF,0xB2,0x00,0x00,0x00,0xFF,0xFF,0xFF,0xFF,0x18,0xFF,0xFF,0xFF,0xFF,
  0x18,0x02,0xCB,0xFF,0xFF,0xFF,0x50,0x00,0x00,0xFF,0xFF,0xFF,0xFF,0x18,0xFF,0xFF,0xFF,0xFF,0x18,0x00,
  0x37,0xFE,0xFF,0xFF,0xE1,0x0A,0x00,0xFF,0xFF,0xFF,0xFF,0x18,0xFF,0xFF,0xFF,0xFF,0x18,0x00,0x00,0x9A,
  0xFF,0xFF,0xFF,0x7D,0x00,0xFF,0xFF,0xFF,0xFF,0x18,0xFF,0xFF,0xFF,0xFF,0x18,0x00,0x00,0x11,0xEA,0xFF,
  0xFF,0xF2,0x15,0xFF,0xFF,0xFF,0xFF,0x18,0xFF,0xFF,0xFF,0xFF,0x18,0x00,0x00,0x00,0x5E,0xFF,0xFF,0xFF,
  0x8F,0xFF,0xFF,0xFF,0xFF,0x18,0xFF,0xFF,0xFF,0xFF,0x18,0x00,0x00,0x00,0x00,0xBF,0xFF,0xFF,0xF7,0xFF,
  0xFF,0xFF,0xFF,0x18,0xFF,0xFF,0xFF,0xFF,0x18,0x00,0x00,0x00,0x00,0x28,0xF9,0xFF,0xFF,0xFF,0xFF,0xFF,
  0xFF,0x18,0xFF,0xFF,0xFF,0xFF,0x18,0x00,0x00,0x00,0x00,0x00,0x85,0xFF,0xFF,0xFF,0xFF,0xFF,0xFF,0x18,
  0xFF,0xFF,0xFF,0xFF,0x18,0x00,0x00,0x00,0x00,0x00,0x09,0xDD,0xFF,0xFF,0xFF,0xFF,0xFF,0x18,0xFF,0xFF,
  0xFF,0xFF,0x18,0x00,0x00,0x00,0x00,0x00,0x00,0x49,0xFF,0xFF,0xFF,0xFF,0xFF,0x18,0xFF,0xFF,0xFF,0xFF,
  0x18,0x00,0x00,0x00,0x00,0x00,0x00,0x00,0xAB,0xFF,0xFF,0xFF,0xFF,0x18,0x00,0x00,0x00,0x00,0x00,0x30,
  0x8B,0xCA,0xEE,0xFB,0xF1,0xCF,0x94,0x3A,0x00,0x00,0x00,0x00,0x00,0x00,0x00,0x00,0x00,0x1A,0xAF,0xFF,
  0xFF,0xFF,0xFF,0xFF,0xFF,0xFF,0xFF,0xFF,0xBC,0x22,0x00,0x00,0x00,0x00,0x00,0x00,0x2D,0xE6,0xFF,0xFF,
  0xFF,0xFF,0xFF,0xFF,0xFF,0xFF,0xFF,0xFF,0xFF,0xEE,0x3A,0x00,0x00,0x00,0x00,0x17,0xE4,0xFF,0xFF,0xFF,
  0xFE,0xB6,0x6B,0x50,0x68,0xAD,0xFD,0xFF,0xFF,0xFF,0xED,0x21,0x00,0x00,0x00,0xA7,0xFF,0xFF,0xFF,0xF1,
  0x44,0x00,0x00,0x00,0x00,0x00,0x39,0xEB,0xFF,0xFF,0xFF,0xBB,0x00,0x00,0x29,0xFE,0xFF,0xFF,0xFF,0x4F,
  0x00,0x00,0x00,0x00,0x00,0x00,0x00,0x3F,0xFE,0xFF,0xFF,0xFF,0x3C,0x00,0x83,0xFF,0xFF,0xFF,0xC1,0x00,
  0x00,0x00,0x00,0x00,0x00,0x00,0x00,0x00,0xAE,0xFF,0xFF,0xFF,0x98,0x00,0xC1,0xFF,0xFF,0xFF,0x6D,0x00,
  0x00,0x00,0x00,0x00,0x00,0x00,0x00,0x00,0x58,0xFF,0xFF,0xFF,0xD8,0x00,0xE9,0xFF,0xFF,0xFF,0x39,0x00,
  0x00,0x00,0x00,0x00,0x00,0x00,0x00,0x00,0x22,0xFF,0xFF,0xFF,0xFC,0x03,0xFA,0xFF,0xFF,0xFF,0x23,0x00,
  0x00,0x00,0x00,0x00,0x00,0x00,0x00,0x00,0x0B,0xFF,0xFF,0xFF,0xFF,0x11,0xFA,0xFF,0xFF,0xFF,0x22,0x00,
  0x00,0x00,0x00,0x00,0x00,0x00,0x00,0x00,0x0B,0xFF,0xFF,0xFF,0xFF,0x10,0xE9,0xFF,0xFF,0xFF,0x39,0x00,
  0x00,0x00,0x00,0x00,0x00,0x00,0x00,0x00,0x22,0xFF,0xFF,0xFF,0xFC,0x03,0xC1,0xFF,0xFF,0xFF,0x6C,0x00,
  0x00,0x00,0x00,0x00,0x00,0x00,0x00,0x00,0x57,0xFF,0xFF,0xFF,0xD8,0x00,0x83,0xFF,0xFF,0xFF,0xC0,0x00,
  0x00,0x00,0x00,0x00,0x00,0x00,0x00,0x00,0xAC,0xFF,0xFF,0xFF,0x98,0x00,0x29,0xFE,0xFF,0xFF,0xFF,0x4E,
  0x00,0x00,0x00,0x00,0x00,0x00,0x00,0x3D,0xFE,0xFF,0xFF,0xFF,0x3D,0x00,0x00,0xA7,0xFF,0xFF,0xFF,0xF0,
  0x43,0x00,0x00,0x00,0x00,0x00,0x39,0xEA,0xFF,0xFF,0xFF,0xBD,0x00,0x00,0x00,0x17,0xE4,0xFF,0xFF,0xFF,
  0xFE,0xB5,0x6A,0x50,0x67,0xAD,0xFD,0xFF,0xFF,0xFF,0xEE,0x22,0x00,0x00,0x00,0x00,0x2C,0xE6,0xFF,0xFF,
  0xFF,0xFF,0xFF,0xFF,0xFF,0xFF,0xFF,0xFF,0xFF,0xEE,0x3B,0x00,0x00,0x00,0x00,0x00,0x00,0x1A,0xAF,0xFF,
  0xFF,0xFF,0xFF,0xFF,0xFF,0xFF,0xFF,0xFF,0xBD,0x23,0x00,0x00,0x00,0x00,0x00,0x00,0x00,0x00,0x00,0x30,
  0x8C,0xCC,0xF0,0xFC,0xF2,0xD1,0x95,0x3C,0x00,0x00,0x00,0x00,0x00,0x00,0xFF,0xFF,0xFF,0xFF,0xFF,0xFF,
  0xFF,0xFF,0xEF,0xD7,0x9C,0x43,0x00,0x00,0x00,0x00,0xFF,0xFF,0xFF,0xFF,0xFF,0xFF,0xFF,0xFF,0xFF,0xFF,
  0xFF,0xFF,0xAD,0x11,0x00,0x00,0xFF,0xFF,0xFF,0xFF,0xFF,0xFF,0xFF,0xFF,0xFF,0xFF,0xFF,0xFF,0xFF,0xBD,
  0x04,0x00,0xFF,0xFF,0xFF,0xFF,0x59,0x48,0x48,0x4B,0x6A,0xCA,0xFF,0xFF,0xFF,0xFF,0x65,0x00,0xFF,0xFF,
  0xFF,0xFF,0x18,0x00,0x00,0x00,0x00,0x02,0xAB,0xFF,0xFF,0xFF,0xCB,0x00,0xFF,0xFF,0xFF,0xFF,0x18,0x00,
  0x00,0x00,0x00,0x00,0x29,0xFF,0xFF,0xFF,0xF8,0x01,0xFF,0xFF,0xFF,0xFF,0x18,0x00,0x00,0x00,0x00,0x00,
  0x07,0xFF,0xFF,0xFF,0xFF,0x10,0xFF,0xFF,0xFF,0xFF,0x18,0x00,0x00,0x00,0x00,0x00,0x2B,0xFF,0xFF,0xFF,
  0xF7,0x01,0xFF,0xFF,0xFF,0xFF,0x18,0x00,0x00,0x00,0x00,0x02,0xAC,0xFF,0xFF,0xFF,0xC9,0x00,0xFF,0xFF,
  0xFF,0xFF,0x60,0x48,0x48,0x4B,0x68,0xC8,0xFF,0xFF,0xFF,0xFF,0x62,0x00,0xFF,0xFF,0xFF,0xFF,0xFF,0xFF,
  0xFF,0xFF,0xFF,0xFF,0xFF,0xFF,0xFF,0xB9,0x03,0x00,0xFF,0xFF,0xFF,0xFF,0xFF,0xFF,0xFF,0xFF,0xFF,0xFF,
  0xFF,0xFF,0xA9,0x0F,0x00,0x00,0xFF,0xFF,0xFF,0xFF,0xFF,0xFF,0xFF,0xFF,0xEF,0xD6,0x99,0x3F,0x00,0x00,
  0x00,0x00,0xFF,0xFF,0xFF,0xFF,0x18,0x00,0x00,0x00,0x00,0x00,0x00,0x00,0x00,0x00,0x00,0x00,0xFF,0xFF,
  0xFF,0xFF,0x18,0x00,0x00,0x00,0x00,0x00,0x00,0x00,0x00,0x00,0x00,0x00,0xFF,0xFF,0xFF,0xFF,0x18,0x00,
  0x00,0x00,0x00,0x00,0x00,0x00,0x00,0x00,0x00,0x00,0xFF,0xFF,0xFF,0xFF,0x18,0x00,0x00,0x00,0x00,0x00,
  0x00,0x00,0x00,0x00,0x00,0x00,0xFF,0xFF,0xFF,0xFF,0x18,0x00,0x00,0x00,0x00,0x00,0x00,0x00,0x00,0x00,
  0x00,0x00,0xFF,0xFF,0xFF,0xFF,0x18,0x00,0x00,0x00,0x00,0x00,0x00,0x00,0x00,0x00,0x00,0x00,0xFF,0xFF,
  0xFF,0xFF,0x18,0x00,0x00,0x00,0x00,0x00,0x00,0x00,0x00,0x00,0x00,0x00,0x00,0x00,0x00,0x00,0x00,0x30,
  0x8B,0xCA,0xEE,0xFB,0xF1,0xCF,0x94,0x3A,0x00,0x00,0x00,0x00,0x00,0x00,0x00,0x00,0x00,0x1A,0xAF,0xFF,
  0xFF,0xFF,0xFF,0xFF,0xFF,0xFF,0xFF,0xFF,0xBC,0x22,0x00,0x00,0x00,0x00,0x00,0x00,0x2D,0xE6,0xFF,0xFF,
  0xFF,0xFF,0xFF,0xFF,0xFF,0xFF,0xFF,0xFF,0xFF,0xEE,0x3A,0x00,0x00,0x00,0x00,0x17,0xE4,0xFF,0xFF,0xFF,
  0xFE,0xB6,0x6B,0x50,0x68,0xAD,0xFD,0xFF,0xFF,0xFF,0xED,0x21,0x00,0x00,0x00,0xA7,0xFF,0xFF,0xFF,0xF1,
  0x44,0x00,0x00,0x00,0x00,0x00,0x39,0xEB,0xFF,0xFF,0xFF,0xBB,0x00,0x00,0x29,0xFE,0xFF,0xFF,0xFF,0x4F,
  0x00,0x00,0x00,0x00,0x00,0x00,0x00,0x3F,0xFE,0xFF,0xFF,0xFF,0x3C,0x00,0x83,0xFF,0xFF,0xFF,0xC1,0x00,
  0x00,0x00,0x00,0x00,0x00,0x00,0x00,0x00,0xAE,0xFF,0xFF,0xFF,0x98,0x00,0xC1,0xFF,0xFF,0xFF,0x6D,0x00,
  0x00,0x00,0x00,0x00,0x00,0x00,0x00,0x00,0x58,0xFF,0xFF,0xFF,0xD8,0x00,0xE9,0xFF,0xFF,0xFF,0x39,0x00,
  0x00,0x00,0x00,0x00,0x00,0x00,0x00,0x00,0x22,0xFF,0xFF,0xFF,0xFC,0x03,0xFA,0xFF,0xFF,0xFF,0x23,0x00,
  0x00,0x00,0x00,0x00,0x00,0x00,0x00,0x00,0x0B,0xFF,0xFF,0xFF,0xFF,0x11,0xFA,0xFF,0xFF,0xFF,0x22,0x00,
  0x00,0x00,0x00,0x00,0x00,0x00,0x00,0x00,0x0B,0xFF,0xFF,0xFF,0xFF,0x10,0xE9,0xFF,0xFF,0xFF,0x39,0x00,
  0x00,0x00,0x00,0x00,0x00,0x00,0x00,0x00,0x22,0xFF,0xFF,0xFF,0xFC,0x03,0xC1,0xFF,0xFF,0xFF,0x6C,0x00,
  0x00,0x00,0x00,0x00,0x00,0x00,0x00,0x00,0x57,0xFF,0xFF,0xFF,0xD8,0x00,0x83,0xFF,0xFF,0xFF,0xC0,0x00,
  0x00,0x00,0x99,0xDC,0xDC,0xBF,0x0B,0x00,0xAC,0xFF,0xFF,0xFF,0x98,0x00,0x29,0xFE,0xFF,0xFF,0xFF,0x4E,
  0x00,0x00,0x14,0xDF,0xFF,0xFF,0xAB,0x3E,0xFE,0xFF,0xFF,0xFF,0x3D,0x00,0x00,0xA7,0xFF,0xFF,0xFF,0xF0,
  0x43,0x00,0x00,0x30,0xF5,0xFF,0xFF,0xFF,0xFF,0xFF,0xFF,0xBD,0x00,0x00,0x00,0x17,0xE4,0xFF,0xFF,0xFF,
  0xFE,0xB5,0x6A,0x50,0xBF,0xFF,0xFF,0xFF,0xFF,0xFF,0xEE,0x22,0x00,0x00,0x00,0x00,0x2C,0xE6,0xFF,0xFF,
  0xFF,0xFF,0xFF,0xFF,0xFF,0xFF,0xFF,0xFF,0xFF,0xFF,0x3B,0x00,0x00,0x00,0x00,0x00,0x00,0x1A,0xAF,0xFF,
  0xFF,0xFF,0xFF,0xFF,0xFF,0xFF,0xFF,0xFF,0xFF,0xFF,0x24,0x00,0x00,0x00,0x00,0x00,0x00,0x00,0x00,0x30,
  0x8C,0xCC,0xF0,0xFC,0xF2,0xD1,0xA1,0xFF,0xFF,0xFF,0xD7,0x0F,0x00,0x00,0x00,0x00,0x00,0x00,0x00,0x00,
  0x00,0x00,0x00,0x00,0x00,0x00,0x00,0x1D,0xE7,0xFF,0xFF,0xB7,0x03,0x00,0x00,0x00,0x00,0x00,0x00,0x00,
  0x00,0x00,0x00,0x00,0x00,0x00,0x00,0x00,0x31,0x80,0x80,0x80,0x2D,0x00,0xFF,0xFF,0xFF,0xFF,0xFF,0xFF,
  0xFF,0xFF,0xF0,0xD7,0x9D,0x43,0x00,0x00,0x00,0x00,0xFF,0xFF,0xFF,0xFF,0xFF,0xFF,0xFF,0xFF,0xFF,0xFF,
  0xFF,0xFF,0xAC,0x11,0x00,0x00,0xFF,0xFF,0xFF,0xFF,0xFF,0xFF,0xFF,0xFF,0xFF,0xFF,0xFF,0xFF,0xFF,0xBC,
  0x03,0x00,0xFF,0xFF,0xFF,0xFF,0x59,0x48,0x48,0x4B,0x68,0xC6,0xFF,0xFF,0xFF,0xFF,0x63,0x00,0xFF,0xFF,
  0xFF,0xFF,0x18,0x00,0x00,0x00,0x00,0x01,0xA8,0xFF,0xFF,0xFF,0xC8,0x00,0xFF,0xFF,0xFF,0xFF,0x18,0x00,
  0x00,0x00,0x00,0x00,0x29,0xFF,0xFF,0xFF,0xF7,0x00,0xFF,0xFF,0xFF,0xFF,0x18,0x00,0x00,0x00,0x00,0x00,
  0x07,0xFF,0xFF,0xFF,0xFF,0x10,0xFF,0xFF,0xFF,0xFF,0x18,0x00,0x00,0x00,0x00,0x00,0x29,0xFF,0xFF,0xFF,
  0xF8,0x01,0xFF,0xFF,0xFF,0xFF,0x18,0x00,0x00,0x00,0x00,0x01,0xA8,0xFF,0xFF,0xFF,0xCC,0x00,0xFF,0xFF,
  0xFF,0xFF,0x60,0x48,0x48,0x4B,0x67,0xC6,0xFF,0xFF,0xFF,0xFF,0x63,0x00,0xFF,0xFF,0xFF,0xFF,0xFF,0xFF,
  0xFF,0xFF,0xFF,0xFF,0xFF,0xFF,0xFF,0xBA,0x04,0x00,0xFF,0xFF,0xFF,0xFF,0xFF,0xFF,0xFF,0xFF,0xFF,0xFF,
  0xFF,0xFF,0xA9,0x0F,0x00,0x00,0xFF,0xFF,0xFF,0xFF,0xFF,0xFF,0xFF,0xFF,0xFF,0xFF,0xFF,0xE5,0x00,0x00,
  0x00,0x00,0xFF,0xFF,0xFF,0xFF,0x18,0x00,0x00,0x2B,0xFD,0xFF,0xFF,0xFE,0x2F,0x00,0x00,0x00,0xFF,0xFF,
  0xFF,0xFF,0x18,0x00,0x00,0x00,0xA8,0xFF,0xFF,0xFF,0xB4,0x00,0x00,0x00,0xFF,0xFF,0xFF,0xFF,0x18,0x00,
  0x00,0x00,0x29,0xFD,0xFF,0xFF,0xFF,0x3B,0x00,0x00,0xFF,0xFF,0xFF,0xFF,0x18,0x00,0x00,0x00,0x00,0xA5,
  0xFF,0xFF,0xFF,0xC2,0x00,0x00,0xFF,0xFF,0xFF,0xFF,0x18,0x00,0x00,0x00,0x00,0x27,0xFC,0xFF,0xFF,0xFF,
  0x49,0x00,0xFF,0xFF,0xFF,0xFF,0x18,0x00,0x00,0x00,0x00,0x00,0xA2,0xFF,0xFF,0xFF,0xCF,0x01,0xFF,0xFF,
  0xFF,0xFF,0x18,0x00,0x00,0x00,0x00,0x00,0x24,0xFC,0xFF,0xFF,0xFF,0x58,0x00,0x00,0x00,0x00,0x41,0x97,
  0xD5,0xED,0xF8,0xE3,0xC2,0x75,0x18,0x00,0x00,0x00,0x00,0x00,0x00,0x17,0xB5,0xFF,0xFF,0xFF,0xFF,0xFF,
  0xFF,0xFF,0xFF,0xF1,0x64,0x00,0x00,0x00,0x00,0x0F,0xD2,0xFF,0xFF,0xFF,0xFF,0xFF,0xFF,0xFF,0xFF,0xFF,
  0xFF,0xFF,0x61,0x00,0x00,0x00,0x83,0xFF,0xFF,0xFF,0xFD,0xA4,0x5C,0x51,0x78,0xE2,0xFF,0xFF,0xFF,0xF1,
  0x0E,0x00,0x00,0xE4,0xFF,0xFF,0xFF,0x66,0x00,0x00,0x00,0x00,0x0D,0xD4,0xFF,0xFF,0xFF,0x63,0x00,0x0A,
  0xFF,0xFF,0xFF,0xFF,0x0A,0x00,0x00,0x00,0x00,0x00,0x60,0xFF,0xFF,0xFF,0x8A,0x00,0x0A,0xFF,0xFF,0xFF,
  0xFF,0x43,0x00,0x00,0x00,0x00,0x00,0x08,0x24,0x24,0x24,0x16,0x00,0x00,0xD2,0xFF,0xFF,0xFF,0xF3,0x80,
  0x28,0x00,0x00,0x00,0x00,0x00,0x00,0x00,0x00,0x00,0x00,0x55,0xFF,0xFF,0xFF,0xFF,0xFF,0xFF,0xE8,0xAD,
  0x6F,0x28,0x00,0x00,0x00,0x00,0x00,0x00,0x00,0x71,0xFC,0xFF,0xFF,0xFF,0xFF,0xFF,0xFF,0xFF,0xFF,0xCC,
  0x52,0x00,0x00,0x00,0x00,0x00,0x00,0x2B,0xA3,0xF5,0xFF,0xFF,0xFF,0xFF,0xFF,0xFF,0xFF,0xFF,0x9A,0x01,
  0x00,0x00,0x00,0x00,0x00,0x00,0x08,0x42,0x7D,0xB6,0xF3,0xFF,0xFF,0xFF,0xFF,0xFF,0x6F,0x00,0x00,0x00,
  0x00,0x00,0x00,0x00,0x00,0x00,0x00,0x06,0x5A,0xE5,0xFF,0xFF,0xFF,0xDD,0x00,0x8E,0x94,0x94,0x94,0x13,
  0x00,0x00,0x00,0x00,0x00,0x00,0x34,0xFF,0xFF,0xFF,0xFF,0x0C,0xDE,0xFF,0xFF,0xFF,0x4C,0x00,0x00,0x00,
  0x00,0x00,0x00,0x0E,0xFF,0xFF,0xFF,0xFE,0x07,0xAD,0xFF,0xFF,0xFF,0xD4,0x14,0x00,0x00,0x00,0x00,0x00,
  0x83,0xFF,0xFF,0xFF,0xDF,0x00,0x41,0xFF,0xFF,0xFF,0xFF,0xEB,0x89,0x57,0x4D,0x6B,0xBE,0xFF,0xFF,0xFF,
  0xFF,0x79,0x00,0x00,0x92,0xFF,0xFF,0xFF,0xFF,0xFF,0xFF,0xFF,0xFF,0xFF,0xFF,0xFF,0xFF,0xCA,0x0C,0x00,
  0x00,0x01,0x7C,0xF6,0xFF,0xFF,0xFF,0xFF,0xFF,0xFF,0xFF,0xFF,0xFF,0xAA,0x11,0x00,0x00,0x00,0x00,0x00,
  0x1C,0x72,0xB9,0xDE,0xF3,0xF8,0xE5,0xC9,0x87,0x33,0x00,0x00,0x00,0x00,0xFF,0xFF,0xFF,0xFF,0xFF,0xFF,
  0xFF,0xFF,0xFF,0xFF,0xFF,0xFF,0xFF,0xFF,0xFF,0xFF,0xFF,0xFF,0xFF,0xFF,0xFF,0xFF,0xFF,0xFF,0xFF,0xFF,
  0xFF,0xFF,0xFF,0xFF,0xFF,0xFF,0xFF,0xFF,0xFF,0xFF,0xFF,0xFF,0xFF,0xFF,0xFF,0xFF,0xFF,0xFF,0xFF,0xFF,
  0xFF,0xFF,0xFF,0xFF,0xFF,0x48,0x48,0x48,0x48,0x48,0x48,0xFF,0xFF,0xFF,0xFF,0x59,0x48,0x48,0x48,0x48,
  0x48,0x48,0x00,0x00,0x00,0x00,0x00,0x00,0xFF,0xFF,0xFF,0xFF,0x18,0x00,0x00,0x00,0x00,0x00,0x00,0x00,
  0x00,0x00,0x00,0x00,0x00,0xFF,0xFF,0xFF,0xFF,0x18,0x00,0x00,0x00,0x00,0x00,0x00,0x00,0x00,0x00,0x00,
  0x00,0x00,0xFF,0xFF,0xFF,0xFF,0x18,0x00,0x00,0x00,0x00,0x00,0x00,0x00,0x00,0x00,0x00,0x00,0x00,0xFF,
  0xFF,0xFF,0xFF,0x18,0x00,0x00,0x00,0x00,0x00,0x00,0x00,0x00,0x00,0x00,0x00,0x00,0xFF,0xFF,0xFF,0xFF,
  0x18,0x00,0x00,0x00,0x00,0x00,0x00,0x00,0x00,0x00,0x00,0x00,0x00,0xFF,0xFF,0xFF,0xFF,0x18,0x00,0x00,
  0x00,0x00,0x00,0x00,0x00,0x00,0x00,0x00,0x00,0x00,0xFF,0xFF,0xFF,0xFF,0x18,0x00,0x00,0x00,0x00,0x00,
  0x00,0x00,0x00,0x00,0x00,0x00,0x00,0xFF,0xFF,0xFF,0xFF,0x18,0x00,0x00,0x00,0x00,0x00,0x00,0x00,0x00,
  0x00,0x00,0x00,0x00,0xFF,0xFF,0xFF,0xFF,0x18,0x00,0x00,0x00,0x00,0x00,0x00,0x00,0x00,0x00,0x00,0x00,
  0x00,0xFF,0xFF,0xFF,0xFF,0x18,0x00,0x00,0x00,0x00,0x00,0x00,0x00,0x00,0x00,0x00,0x00,0x00,0xFF,0xFF,
  0xFF,0xFF,0x18,0x00,0x00,0x00,0x00,0x00,0x00,0x00,0x00,0x00,0x00,0x00,0x00,0xFF,0xFF,0xFF,0xFF,0x18,
  0x00,0x00,0x00,0x00,0x00,0x00,0x00,0x00,0x00,0x00,0x00,0x00,0xFF,0xFF,0xFF,0xFF,0x18,0x00,0x00,0x00,
  0x00,0x00,0x00,0x00,0x00,0x00,0x00,0x00,0x00,0xFF,0xFF,0xFF,0xFF,0x18,0x00,0x00,0x00,0x00,0x00,0x00,
  0x00,0x00,0x00,0x00,0x00,0x00,0xFF,0xFF,0xFF,0xFF,0x18,0x00,0x00,0x00,0x00,0x00,0x00,0x00,0x00,0x00,
  0x00,0x00,0x00,0xFF,0xFF,0xFF,0xFF,0x18,0x00,0x00,0x00,0x00,0x00,0x00,0xFF,0xFF,0xFF,0xFF,0x18,0x00,
  0x00,0x00,0x00,0x00,0x00,0x00,0x18,0xFF,0xFF,0xFF,0xFF,0xFF,0xFF,0xFF,0xFF,0x18,0x00,0x00,0x00,0x00,
  0x00,0x00,0x00,0x18,0xFF,0xFF,0xFF,0xFF,0xFF,0xFF,0xFF,0xFF,0x18,0x00,0x00,0x00,0x00,0x00,0x00,0x00,
  0x18,0xFF,0xFF,0xFF,0xFF,0xFF,0xFF,0xFF,0xFF,0x18,0x00,0x00,0x00,0x00,0x00,0x00,0x00,0x18,0xFF,0xFF,
  0xFF,0xFF,0xFF,0xFF,0xFF,0xFF,0x18,0x00,0x00,0x00,0x00,0x00,0x00,0x00,0x18,0xFF,0xFF,0xFF,0xFF,0xFF,
  0xFF,0xFF,0xFF,0x18,0x00,0x00,0x00,0x00,0x00,0x00,0x00,0x18,0xFF,0xFF,0xFF,0xFF,0xFF,0xFF,0xFF,0xFF,
  0x18,0x00,0x00,0x00,0x00,0x00,0x00,0x00,0x18,0xFF,0xFF,0xFF,0xFF,0xFF,0xFF,0xFF,0xFF,0x18,0x00,0x00,
  0x00,0x00,0x00,0x00,0x00,0x18,0xFF,0xFF,0xFF,0xFF,0xFF,0xFF,0xFF,0xFF,0x18,0x00,0x00,0x00,0x00,0x00,
  0x00,0x00,0x18,0xFF,0xFF,0xFF,0xFF,0xFF,0xFF,0xFF,0xFF,0x18,0x00,0x00,0x00,0x00,0x00,0x00,0x00,0x18,
  0xFF,0xFF,0xFF,0xFF,0xFF,0xFF,0xFF,0xFF,0x18,0x00,0x00,0x00,0x00,0x00,0x00,0x00,0x18,0xFF,0xFF,0xFF,
  0xFF,0xFF,0xFF,0xFF,0xFF,0x18,0x00,0x00,0x00,0x00,0x00,0x00,0x00,0x18,0xFF,0xFF,0xFF,0xFF,0xFF,0xFF,
  0xFF,0xFF,0x19,0x00,0x00,0x00,0x00,0x00,0x00,0x00,0x19,0xFF,0xFF,0xFF,0xFF,0xF5,0xFF,0xFF,0xFF,0x33,
  0x00,0x00,0x00,0x00,0x00,0x00,0x00,0x34,0xFF,0xFF,0xFF,0xF4,0xCD,0xFF,0xFF,0xFF,0x87,0x00,0x00,0x00,
  0x00,0x00,0x00,0x00,0x8A,0xFF,0xFF,0xFF,0xCC,0x7E,0xFF,0xFF,0xFF,0xFA,0x4B,0x00,0x00,0x00,0x00,0x00,
  0x4C,0xFB,0xFF,0xFF,0xFF,0x7A,0x11,0xE6,0xFF,0xFF,0xFF,0xFE,0xAF,0x64,0x4E,0x63,0xAE,0xFE,0xFF,0xFF,
  0xFF,0xE4,0x0F,0x00,0x30,0xF2,0xFF,0xFF,0xFF,0xFF,0xFF,0xFF,0xFF,0xFF,0xFF,0xFF,0xFF,0xF1,0x2E,0x00,
  0x00,0x00,0x28,0xC2,0xFF,0xFF,0xFF,0xFF,0xFF,0xFF,0xFF,0xFF,0xFF,0xC2,0x27,0x00,0x00,0x00,0x00,0x00,
  0x01,0x40,0x95,0xD0,0xE9,0xFA,0xE8,0xCF,0x95,0x40,0x01,0x00,0x00,0x00,0x93,0xFF,0xFF,0xFF,0xF6,0x0C,
  0x00,0x00,0x00,0x00,0x00,0x00,0x00,0x00,0x03,0xEA,0xFF,0xFF,0xFF,0x96,0x37,0xFF,0xFF,0xFF,0xFF,0x59,
  0x00,0x00,0x00,0x00,0x00,0x00,0x00,0x00,0x42,0xFF,0xFF,0xFF,0xFF,0x3D,0x00,0xDB,0xFF,0xFF,0xFF,0xB0,
  0x00,0x00,0x00,0x00,0x00,0x00,0x00,0x00,0x96,0xFF,0xFF,0xFF,0xE2,0x01,0x00,0x80,0xFF,0xFF,0xFF,0xF8,
  0x0F,0x00,0x00,0x00,0x00,0x00,0x00,0x02,0xE7,0xFF,0xFF,0xFF,0x8A,0x00,0x00,0x25,0xFF,0xFF,0xFF,0xFF,
  0x5E,0x00,0x00,0x00,0x00,0x00,0x00,0x3E,0xFF,0xFF,0xFF,0xFF,0x30,0x00,0x00,0x00,0xCA,0xFF,0xFF,0xFF,
  0xB5,0x00,0x00,0x00,0x00,0x00,0x00,0x92,0xFF,0xFF,0xFF,0xD7,0x00,0x00,0x00,0x00,0x6E,0xFF,0xFF,0xFF,
  0xFA,0x11,0x00,0x00,0x00,0x00,0x01,0xE4,0xFF,0xFF,0xFF,0x7D,0x00,0x00,0x00,0x00,0x16,0xFB,0xFF,0xFF,
  0xFF,0x62,0x00,0x00,0x00,0x00,0x3A,0xFF,0xFF,0xFF,0xFF,0x24,0x00,0x00,0x00,0x00,0x00,0xB7,0xFF,0xFF,
  0xFF,0xB9,0x00,0x00,0x00,0x00,0x8E,0xFF,0xFF,0xFF,0xCA,0x00,0x00,0x00,0x00,0x00,0x00,0x5C,0xFF,0xFF,
  0xFF,0xFB,0x14,0x00,0x00,0x00,0xE0,0xFF,0xFF,0xFF,0x70,0x00,0x00,0x00,0x00,0x00,0x00,0x0B,0xF4,0xFF,
  0xFF,0xFF,0x60,0x00,0x00,0x31,0xFF,0xFF,0xFF,0xFD,0x19,0x00,0x00,0x00,0x00,0x00,0x00,0x00,0xA5,0xFF,
  0xFF,0xFF,0xAE,0x00,0x00,0x7E,0xFF,0xFF,0xFF,0xBD,0x00,0x00,0x00,0x00,0x00,0x00,0x00,0x00,0x4A,0xFF,
  0xFF,0xFF,0xF3,0x07,0x00,0xC9,0xFF,0xFF,0xFF,0x63,0x00,0x00,0x00,0x00,0x00,0x00,0x00,0x00,0x04,0xEA,
  0xFF,0xFF,0xFF,0x46,0x15,0xFD,0xFF,0xFF,0xF9,0x10,0x00,0x00,0x00,0x00,0x00,0x00,0x00,0x00,0x00,0x93,
  0xFF,0xFF,0xFF,0x92,0x5C,0xFF,0xFF,0xFF,0xB0,0x00,0x00,0x00,0x00,0x00,0x00,0x00,0x00,0x00,0x00,0x38,
  0xFF,0xFF,0xFF,0xDE,0xA5,0xFF,0xFF,0xFF,0x56,0x00,0x00,0x00,0x00,0x00,0x00,0x00,0x00,0x00,0x00,0x00,
  0xDB,0xFF,0xFF,0xFF,0xFF,0xFF,0xFF,0xF3,0x0A,0x00,0x00,0x00,0x00,0x00,0x00,0x00,0x00,0x00,0x00,0x00,
  0x81,0xFF,0xFF,0xFF,0xFF,0xFF,0xFF,0xA3,0x00,0x00,0x00,0x00,0x00,0x00,0x00,0x00,0x00,0x00,0x00,0x00,
  0x25,0xFF,0xFF,0xFF,0xFF,0xFF,0xFF,0x4A,0x00,0x00,0x00,0x00,0x00,0x00,0x00,0x00,0x00,0x00,0x00,0x00,
  0x00,0xCA,0xFF,0xFF,0xFF,0xFF,0xEB,0x04,0x00,0x00,0x00,0x00,0x00,0x00,0x9E,0xFF,0xFF,0xFF,0xDE,0x00,
  0x00,0x00,0x00,0x00,0x00,0x31,0xFF,0xFF,0xFF,0xFF,0x5B,0x00,0x00,0x00,0x00,0x00,0x00,0xB7,0xFF,0xFF,
  0xFF,0xC8,0x58,0xFF,0xFF,0xFF,0xFF,0x1C,0x00,0x00,0x00,0x00,0x00,0x72,0xFF,0xFF,0xFF,0xFF,0x9C,0x00,
  0x00,0x00,0x00,0x00,0x03,0xF1,0xFF,0xFF,0xFF,0x82,0x13,0xFD,0xFF,0xFF,0xFF,0x5A,0x00,0x00,0x00,0x00,
  0x00,0xB3,0xFF,0xFF,0xFF,0xFF,0xDD,0x00,0x00,0x00,0x00,0x00,0x33,0xFF,0xFF,0xFF,0xFF,0x3C,0x00,0xCC,
  0xFF,0xFF,0xFF,0x98,0x00,0x00,0x00,0x00,0x03,0xF0,0xFF,0xFF,0xFF,0xFF,0xFF,0x1D,0x00,0x00,0x00,0x00,
  0x71,0xFF,0xFF,0xFF,0xF1,0x04,0x00,0x86,0xFF,0xFF,0xFF,0xD5,0x00,0x00,0x00,0x00,0x35,0xFF,0xFF,0xFF,
  0xFF,0xFF,0xFF,0x5E,0x00,0x00,0x00,0x00,0xAE,0xFF,0xFF,0xFF,0xAF,0x00,0x00,0x40,0xFF,0xFF,0xFF,0xFE,
  0x14,0x00,0x00,0x00,0x76,0xFF,0xFF,0xFF,0xFF,0xFF,0xFF,0x9F,0x00,0x00,0x00,0x00,0xEA,0xFF,0xFF,0xFF,
  0x69,0x00,0x00,0x05,0xF3,0xFF,0xFF,0xFF,0x51,0x00,0x00,0x00,0xB7,0xFF,0xFF,0xE2,0xC0,0xFF,0xFF,0xDF,
  0x00,0x00,0x00,0x2A,0xFF,0xFF,0xFF,0xFF,0x23,0x00,0x00,0x00,0xB4,0xFF,0xFF,0xFF,0x8F,0x00,0x00,0x04,
  0xF3,0xFF,0xFF,0xAA,0x8A,0xFF,0xFF,0xFF,0x20,0x00,0x00,0x68,0xFF,0xFF,0xFF,0xDD,0x00,0x00,0x00,0x00,
  0x6E,0xFF,0xFF,0xFF,0xCD,0x00,0x00,0x39,0xFF,0xFF,0xFF,0x71,0x4E,0xFF,0xFF,0xFF,0x60,0x00,0x00,0xA6,
  0xFF,0xFF,0xFF,0x97,0x00,0x00,0x00,0x00,0x28,0xFF,0xFF,0xFF,0xFC,0x0E,0x00,0x7A,0xFF,0xFF,0xFF,0x35,
  0x10,0xFD,0xFF,0xFF,0xA1,0x00,0x00,0xE3,0xFF,0xFF,0xFF,0x50,0x00,0x00,0x00,0x00,0x00,0xE1,0xFF,0xFF,
  0xFF,0x44,0x00,0xB8,0xFF,0xFF,0xEF,0x03,0x00,0xCB,0xFF,0xFF,0xDE,0x00,0x1D,0xFF,0xFF,0xFF,0xFB,0x0E,
  0x00,0x00,0x00,0x00,0x00,0x9C,0xFF,0xFF,0xFF,0x7A,0x02,0xF1,0xFF,0xFF,0xAE,0x00,0x00,0x87,0xFF,0xFF,
  0xFF,0x19,0x55,0xFF,0xFF,0xFF,0xC4,0x00,0x00,0x00,0x00,0x00,0x00,0x56,0xFF,0xFF,0xFF,0xAF,0x2F,0xFF,
  0xFF,0xFF,0x6A,0x00,0x00,0x43,0xFF,0xFF,0xFF,0x53,0x8B,0xFF,0xFF,0xFF,0x7E,0x00,0x00,0x00,0x00,0x00,
  0x00,0x12,0xFD,0xFF,0xFF,0xE2,0x66,0xFF,0xFF,0xFF,0x27,0x00,0x00,0x08,0xF7,0xFF,0xFF,0x89,0xBD,0xFF,
  0xFF,0xFF,0x38,0x00,0x00,0x00,0x00,0x00,0x00,0x00,0xCA,0xFF,0xFF,0xFF,0xAF,0xFF,0xFF,0xE3,0x00,0x00,
  0x00,0x00,0xBC,0xFF,0xFF,0xBF,0xEC,0xFF,0xFF,0xEE,0x03,0x00,0x00,0x00,0x00,0x00,0x00,0x00,0x84,0xFF,
  0xFF,0xFF,0xFF,0xFF,0xFF,0xA0,0x00,0x00,0x00,0x00,0x79,0xFF,0xFF,0xFF,0xFF,0xFF,0xFF,0xAB,0x00,0x00,
  0x00,0x00,0x00,0x00,0x00,0x00,0x3E,0xFF,0xFF,0xFF,0xFF,0xFF,0xFF,0x5C,0x00,0x00,0x00,0x00,0x35,0xFF,
  0xFF,0xFF,0xFF,0xFF,0xFF,0x65,0x00,0x00,0x00,0x00,0x00,0x00,0x00,0x00,0x05,0xF2,0xFF,0xFF,0xFF,0xFF,
  0xFF,0x19,0x00,0x00,0x00,0x00,0x02,0xEE,0xFF,0xFF,0xFF,0xFF,0xFF,0x1F,0x00,0x00,0x00,0x00,0x00,0x00,
  0x00,0x00,0x00,0xB2,0xFF,0xFF,0xFF,0xFF,0xD5,0x00,0x00,0x00,0x00,0x00,0x00,0xAE,0xFF,0xFF,0xFF,0xFF,
  0xD9,0x00,0x00,0x00,0x00,0x00,0x00,0x00,0x00,0x00,0x00,0x6B,0xFF,0xFF,0xFF,0xFF,0x91,0x00,0x00,0x00,
  0x00,0x00,0x00,0x6A,0xFF,0xFF,0xFF,0xFF,0x93,0x00,0x00,0x00,0x00,0x00,0x00,0x65,0xFF,0xFF,0xFF,0xFF,
  0x5F,0x00,0x00,0x00,0x00,0x00,0x00,0x0A,0xDB,0xFF,0xFF,0xFF,0xBF,0x01,0x00,0x00,0xB5,0xFF,0xFF,0xFF,
  0xEE,0x19,0x00,0x00,0x00,0x00,0x00,0x90,0xFF,0xFF,0xFF,0xF2,0x1F,0x00,0x00,0x00,0x19,0xEE,0xFF,0xFF,
  0xFF,0xB0,0x00,0x00,0x00,0x00,0x3C,0xFD,0xFF,0xFF,0xFF,0x62,0x00,0x00,0x00,0x00,0x00,0x59,0xFF,0xFF,
  0xFF,0xFF,0x56,0x00,0x00,0x08,0xDB,0xFF,0xFF,0xFF,0xB4,0x00,0x00,0x00,0x00,0x00,0x00,0x00,0xAB,0xFF,
  0xFF,0xFF,0xE4,0x0C,0x00,0x87,0xFF,0xFF,0xFF,0xEC,0x18,0x00,0x00,0x00,0x00,0x00,0x00,0x00,0x14,0xE8,
  0xFF,0xFF,0xFF,0x8A,0x2A,0xFA,0xFF,0xFF,0xFF,0x57,0x00,0x00,0x00,0x00,0x00,0x00,0x00,0x00,0x00,0x4D,
  0xFF,0xFF,0xFF,0xFA,0xE6,0xFF,0xFF,0xFF,0xA7,0x00,0x00,0x00,0x00,0x00,0x00,0x00,0x00,0x00,0x00,0x00,
  0x9F,0xFF,0xFF,0xFF,0xFF,0xFF,0xFF,0xE6,0x12,0x00,0x00,0x00,0x00,0x00,0x00,0x00,0x00,0x00,0x00,0x00,
  0x0E,0xE2,0xFF,0xFF,0xFF,0xFF,0xFF,0x4B,0x00,0x00,0x00,0x00,0x00,0x00,0x00,0x00,0x00,0x00,0x00,0x00,
  0x00,0x4D,0xFF,0xFF,0xFF,0xFF,0xFF,0x00,0x00,0x00,0x00,0x00,0x00,0x00,0x00,0x00,0x00,0x00,0x00,0x00,
  0x00,0x99,0xFF,0xFF,0xFF,0xFF,0xFF,0x23,0x00,0x00,0x00,0x00,0x00,0x00,0x00,0x00,0x00,0x00,0x00,0x00,
  0x50,0xFF,0xFF,0xFF,0xFF,0xFF,0xFF,0xC6,0x03,0x00,0x00,0x00,0x00,0x00,0x00,0x00,0x00,0x00,0x00,0x1A,
  0xEC,0xFF,0xFF,0xFF,0xFF,0xFF,0xFF,0xFF,0x7C,0x00,0x00,0x00,0x00,0x00,0x00,0x00,0x00,0x00,0x01,0xBC,
  0xFF,0xFF,0xFF,0xC0,0x74,0xFF,0xFF,0xFF,0xFA,0x33,0x00,0x00,0x00,0x00,0x00,0x00,0x00,0x00,0x75,0xFF,
  0xFF,0xFF,0xF7,0x26,0x04,0xD0,0xFF,0xFF,0xFF,0xD7,0x09,0x00,0x00,0x00,0x00,0x00,0x00,0x32,0xF9,0xFF,
  0xFF,0xFF,0x74,0x00,0x00,0x31,0xFB,0xFF,0xFF,0xFF,0x92,0x00,0x00,0x00,0x00,0x00,0x0A,0xD8,0xFF,0xFF,
  0xFF,0xC3,0x02,0x00,0x00,0x00,0x82,0xFF,0xFF,0xFF,0xFE,0x45,0x00,0x00,0x00,0x00,0x9A,0xFF,0xFF,0xFF,
  0xF3,0x22,0x00,0x00,0x00,0x00,0x06,0xD2,0xFF,0xFF,0xFF,0xE4,0x11,0x00,0x00,0x51,0xFF,0xFF,0xFF,0xFF,
  0x66,0x00,0x00,0x00,0x00,0x00,0x00,0x33,0xFB,0xFF,0xFF,0xFF,0xA8,0x00,0x1B,0xED,0xFF,0xFF,0xFF,0xB7,
  0x00,0x00,0x00,0x00,0x00,0x00,0x00,0x00,0x85,0xFF,0xFF,0xFF,0xFF,0x5A,0x40,0xFF,0xFF,0xFF,0xFF,0x94,
  0x00,0x00,0x00,0x00,0x00,0x00,0x00,0x00,0x93,0xFF,0xFF,0xFF,0xFE,0x39,0x00,0xA5,0xFF,0xFF,0xFF,0xFB,
  0x2A,0x00,0x00,0x00,0x00,0x00,0x00,0x24,0xFA,0xFF,0xFF,0xFF,0xA0,0x00,0x00,0x18,0xF1,0xFF,0xFF,0xFF,
  0xB7,0x00,0x00,0x00,0x00,0x00,0x00,0xAC,0xFF,0xFF,0xFF,0xF0,0x17,0x00,0x00,0x00,0x70,0xFF,0xFF,0xFF,
  0xFF,0x49,0x00,0x00,0x00,0x00,0x39,0xFF,0xFF,0xFF,0xFF,0x70,0x00,0x00,0x00,0x00,0x03,0xD1,0xFF,0xFF,
  0xFF,0xD6,0x04,0x00,0x00,0x00,0xC5,0xFF,0xFF,0xFF,0xD4,0x04,0x00,0x00,0x00,0x00,0x00,0x3C,0xFE,0xFF,
  0xFF,0xFF,0x6C,0x00,0x00,0x53,0xFF,0xFF,0xFF,0xFF,0x41,0x00,0x00,0x00,0x00,0x00,0x00,0x00,0xA1,0xFF,
  0xFF,0xFF,0xEC,0x0F,0x04,0xD9,0xFF,0xFF,0xFF,0xA9,0x00,0x00,0x00,0x00,0x00,0x00,0x00,0x00,0x16,0xF0,
  0xFF,0xFF,0xFF,0x86,0x67,0xFF,0xFF,0xFF,0xF4,0x1C,0x00,0x00,0x00,0x00,0x00,0x00,0x00,0x00,0x00,0x6C,
  0xFF,0xFF,0xFF,0xF8,0xF4,0xFF,0xFF,0xFF,0x79,0x00,0x00,0x00,0x00,0x00,0x00,0x00,0x00,0x00,0x00,0x03,
  0xCE,0xFF,0xFF,0xFF,0xFF,0xFF,0xFF,0xDA,0x06,0x00,0x00,0x00,0x00,0x00,0x00,0x00,0x00,0x00,0x00,0x00,
  0x39,0xFE,0xFF,0xFF,0xFF,0xFF,0xFF,0x49,0x00,0x00,0x00,0x00,0x00,0x00,0x00,0x00,0x00,0x00,0x00,0x00,
  0x00,0x9D,0xFF,0xFF,0xFF,0xFF,0xB2,0x00,0x00,0x00,0x00,0x00,0x00,0x00,0x00,0x00,0x00,0x00,0x00,0x00,
  0x00,0x14,0xFF,0xFF,0xFF,0xFF,0x2C,0x00,0x00,0x00,0x00,0x00,0x00,0x00,0x00,0x00,0x00,0x00,0x00,0x00,
  0x00,0x00,0xFF,0xFF,0xFF,0xFF,0x18,0x00,0x00,0x00,0x00,0x00,0x00,0x00,0x00,0x00,0x00,0x00,0x00,0x00,
  0x00,0x00,0xFF,0xFF,0xFF,0xFF,0x18,0x00,0x00,0x00,0x00,0x00,0x00,0x00,0x00,0x00,0x00,0x00,0x00,0x00,
  0x00,0x00,0xFF,0xFF,0xFF,0xFF,0x18,0x00,0x00,0x00,0x00,0x00,0x00,0x00,0x00,0x00,0x00,0x00,0x00,0x00,
  0x00,0x00,0xFF,0xFF,0xFF,0xFF,0x18,0x00,0x00,0x00,0x00,0x00,0x00,0x00,0x00,0x00,0x00,0x00,0x00,0x00,
  0x00,0x00,0xFF,0xFF,0xFF,0xFF,0x18,0x00,0x00,0x00,0x00,0x00,0x00,0x00,0x00,0x00,0x00,0x00,0x00,0x00,
  0x00,0x00,0xFF,0xFF,0xFF,0xFF,0x18,0x00,0x00,0x00,0x00,0x00,0x00,0x00,0x00,0x00,0x00,0x00,0x00,0x00,
  0x00,0x00,0xFF,0xFF,0xFF,0xFF,0x18,0x00,0x00,0x00,0x00,0x00,0x00,0x00,0xFF,0xFF,0xFF,0xFF,0xFF,0xFF,
  0xFF,0xFF,0xFF,0xFF,0xFF,0xFF,0xFF,0xFF,0xFF,0xFF,0xFF,0xFF,0xFF,0xFF,0xFF,0xFF,0xFF,0xFF,0xFF,0xFF,
  0xFF,0xFF,0xFF,0xFF,0xFF,0xFF,0xFF,0xFF,0xFF,0xFF,0xFF,0xFF,0xFF,0xFF,0xFF,0xFF,0xFF,0xFF,0xFF,0xFF,
  0xFF,0xFE,0x48,0x48,0x48,0x48,0x48,0x48,0x48,0x48,0x48,0x48,0x77,0xFF,0xFF,0xFF,0xFF,0x7F,0x00,0x00,
  0x00,0x00,0x00,0x00,0x00,0x00,0x00,0x19,0xE4,0xFF,0xFF,0xFF,0xB5,0x01,0x00,0x00,0x00,0x00,0x00,0x00,
  0x00,0x00,0x09,0xCB,0xFF,0xFF,0xFF,0xDD,0x11,0x00,0x00,0x00,0x00,0x00,0x00,0x00,0x00,0x00,0xA3,0xFF,
  0xFF,0xFF,0xF6,0x30,0x00,0x00,0x00,0x00,0x00,0x00,0x00,0x00,0x00,0x6D,0xFF,0xFF,0xFF,0xFF,0x5F,0x00,
  0x00,0x00,0x00,0x00,0x00,0x00,0x00,0x00,0x3B,0xFA,0xFF,0xFF,0xFF,0x97,0x00,0x00,0x00,0x00,0x00,0x00,
  0x00,0x00,0x00,0x18,0xE6,0xFF,0xFF,0xFF,0xC8,0x06,0x00,0x00,0x00,0x00,0x00,0x00,0x00,0x00,0x04,0xC3,
  0xFF,0xFF,0xFF,0xEA,0x1C,0x00,0x00,0x00,0x00,0x00,0x00,0x00,0x00,0x00,0x91,0xFF,0xFF,0xFF,0xFC,0x42,
  0x00,0x00,0x00,0x00,0x00,0x00,0x00,0x00,0x00,0x5B,0xFF,0xFF,0xFF,0xFF,0x76,0x00,0x00,0x00,0x00,0x00,
  0x00,0x00,0x00,0x00,0x2E,0xF5,0xFF,0xFF,0xFF,0xAD,0x00,0x00,0x00,0x00,0x00,0x00,0x00,0x00,0x00,0x10,
  0xDC,0xFF,0xFF,0xFF,0xD4,0x0D,0x00,0x00,0x00,0x00,0x00,0x00,0x00,0x00,0x01,0xB4,0xFF,0xFF,0xFF,0xED,
  0x23,0x00,0x00,0x00,0x00,0x00,0x00,0x00,0x00,0x00,0x7F,0xFF,0xFF,0xFF,0xFF,0x86,0x48,0x48,0x48,0x48,
  0x48,0x48,0x48,0x48,0x48,0x48,0xFE,0xFF,0xFF,0xFF,0xFF,0xFF,0xFF,0xFF,0xFF,0xFF,0xFF,0xFF,0xFF,0xFF,
  0xFF,0xFF,0xFF,0xFF,0xFF,0xFF,0xFF,0xFF,0xFF,0xFF,0xFF,0xFF,0xFF,0xFF,0xFF,0xFF,0xFF,0xFF,0xFF,0xFF,
  0xFF,0xFF,0xFF,0xFF,0xFF,0xFF,0xFF,0xFF,0xFF,0xFF,0xFF,0xFF,0xFF,0xFF,0x48,0x48,0x48,0x48,0x48,0x48,
  0x24,0xFF,0xFF,0xFF,0xFF,0xFF,0xFF,0x80,0xFF,0xFF,0xFF,0xFF,0xFF,0xFF,0x80,0xFF,0xFF,0xFF,0xFF,0xFF,
  0xFF,0x80,0xFF,0xFF,0xFF,0xFF,0x18,0x00,0x00,0xFF,0xFF,0xFF,0xFF,0x18,0x00,0x00,0xFF,0xFF,0xFF,0xFF,
  0x18,0x00,0x00,0xFF,0xFF,0xFF,0xFF,0x18,0x00,0x00,0xFF,0xFF,0xFF,0xFF,0x18,0x00,0x00,0xFF,0xFF,0xFF,
  0xFF,0x18,0x00,0x00,0xFF,0xFF,0xFF,0xFF,0x18,0x00,0x00,0xFF,0xFF,0xFF,0xFF,0x18,0x00,0x00,0xFF,0xFF,
  0xFF,0xFF,0x18,0x00,0x00,0xFF,0xFF,0xFF,0xFF,0x18,0x00,0x00,0xFF,0xFF,0xFF,0xFF,0x18,0x00,0x00,0xFF,
  0xFF,0xFF,0xFF,0x18,0x00,0x00,0xFF,0xFF,0xFF,0xFF,0x18,0x00,0x00,0xFF,0xFF,0xFF,0xFF,0x18,0x00,0x00,
  0xFF,0xFF,0xFF,0xFF,0x18,0x00,0x00,0xFF,0xFF,0xFF,0xFF,0x18,0x00,0x00,0xFF,0xFF,0xFF,0xFF,0x18,0x00,
  0x00,0xFF,0xFF,0xFF,0xFF,0x18,0x00,0x00,0xFF,0xFF,0xFF,0xFF,0x59,0x48,0x24,0xFF,0xFF,0xFF,0xFF,0xFF,
  0xFF,0x80,0xFF,0xFF,0xFF,0xFF,0xFF,0xFF,0x80,0xFF,0xFF,0xFF,0xFF,0xFF,0xFF,0x80,0x67,0x80,0x80,0x5C,
  0x00,0x00,0x00,0x00,0x00,0x00,0x00,0x9C,0xFF,0xFF,0xEA,0x01,0x00,0x00,0x00,0x00,0x00,0x00,0x57,0xFF,
  0xFF,0xFF,0x30,0x00,0x00,0x00,0x00,0x00,0x00,0x14,0xFE,0xFF,0xFF,0x75,0x00,0x00,0x00,0x00,0x00,0x00,
  0x00,0xCE,0xFF,0xFF,0xB9,0x00,0x00,0x00,0x00,0x00,0x00,0x00,0x89,0xFF,0xFF,0xF6,0x07,0x00,0x00,0x00,
  0x00,0x00,0x00,0x45,0xFF,0xFF,0xFF,0x43,0x00,0x00,0x00,0x00,0x00,0x00,0x08,0xF7,0xFF,0xFF,0x87,0x00,
  0x00,0x00,0x00,0x00,0x00,0x00,0xBC,0xFF,0xFF,0xCC,0x00,0x00,0x00,0x00,0x00,0x00,0x00,0x77,0xFF,0xFF,
  0xFD,0x13,0x00,0x00,0x00,0x00,0x00,0x00,0x33,0xFF,0xFF,0xFF,0x55,0x00,0x00,0x00,0x00,0x00,0x00,0x01,
  0xEC,0xFF,0xFF,0x99,0x00,0x00,0x00,0x00,0x00,0x00,0x00,0xA9,0xFF,0xFF,0xDE,0x00,0x00,0x00,0x00,0x00,
  0x00,0x00,0x65,0xFF,0xFF,0xFF,0x23,0x00,0x00,0x00,0x00,0x00,0x00,0x20,0xFF,0xFF,0xFF,0x67,0x00,0x00,
  0x00,0x00,0x00,0x00,0x00,0xDC,0xFF,0xFF,0xAC,0x00,0x00,0x00,0x00,0x00,0x00,0x00,0x97,0xFF,0xFF,0xEE,
  0x02,0x00,0x00,0x00,0x00,0x00,0x00,0x53,0xFF,0xFF,0xFF,0x35,0x00,0x00,0x00,0x00,0x00,0x00,0x11,0xFD,
  0xFF,0xFF,0x79,0x00,0x00,0x00,0x00,0x00,0x00,0x00,0xC9,0xFF,0xFF,0xBE,0x00,0x00,0x00,0x00,0x00,0x00,
  0x00,0x85,0xFF,0xFF,0xF8,0x0A,0x00,0x00,0x00,0x00,0x00,0x00,0x40,0xFF,0xFF,0xFF,0x47,0x00,0x00,0x00,
  0x00,0x00,0x00,0x06,0xF5,0xFF,0xFF,0x8C,0x00,0x00,0x00,0x00,0x00,0x00,0x00,0xB7,0xFF,0xFF,0xD0,0x00,
  0x00,0x00,0x00,0x00,0x00,0x00,0x72,0xFF,0xFF,0xFE,0x16,0x24,0x48,0x48,0x48,0x48,0x48,0x48,0x06,0x80,
  0xFF,0xFF,0xFF,0xFF,0xFF,0xFF,0x18,0x80,0xFF,0xFF,0xFF,0xFF,0xFF,0xFF,0x18,0x80,0xFF,0xFF,0xFF,0xFF,
  0xFF,0xFF,0x18,0x00,0x00,0x00,0xFF,0xFF,0xFF,0xFF,0x18,0x00,0x00,0x00,0xFF,0xFF,0xFF,0xFF,0x18,0x00,
  0x00,0x00,0xFF,0xFF,0xFF,0xFF,0x18,0x00,0x00,0x00,0xFF,0xFF,0xFF,0xFF,0x18,0x00,0x00,0x00,0xFF,0xFF,
  0xFF,0xFF,0x18,0x00,0x00,0x00,0xFF,0xFF,0xFF,0xFF,0x18,0x00,0x00,0x00,0xFF,0xFF,0xFF,0xFF,0x18,0x00,
  0x00,0x00,0xFF,0xFF,0xFF,0xFF,0x18,0x00,0x00,0x00,0xFF,0xFF,0xFF,0xFF,0x18,0x00,0x00,0x00,0xFF,0xFF,
  0xFF,0xFF,0x18,0x00,0x00,0x00,0xFF,0xFF,0xFF,0xFF,0x18,0x00,0x00,0x00,0xFF,0xFF,0xFF,0xFF,0x18,0x00,
  0x00,0x00,0xFF,0xFF,0xFF,0xFF,0x18,0x00,0x00,0x00,0xFF,0xFF,0xFF,0xFF,0x18,0x00,0x00,0x00,0xFF,0xFF,
  0xFF,0xFF,0x18,0x00,0x00,0x00,0xFF,0xFF,0xFF,0xFF,0x18,0x00,0x00,0x00,0xFF,0xFF,0xFF,0xFF,0x18,0x00,
  0x00,0x00,0xFF,0xFF,0xFF,0xFF,0x18,0x24,0x48,0x48,0xFF,0xFF,0xFF,0xFF,0x18,0x80,0xFF,0xFF,0xFF,0xFF,
  0xFF,0xFF,0x18,0x80,0xFF,0xFF,0xFF,0xFF,0xFF,0xFF,0x18,0x80,0xFF,0xFF,0xFF,0xFF,0xFF,0xFF,0x18,0x00,
  0x00,0x00,0x00,0x62,0xDC,0xDC,0xDC,0x62,0x00,0x00,0x00,0x00,0x00,0x00,0x00,0x03,0xDD,0xFF,0xFF,0xFF,
  0xDE,0x03,0x00,0x00,0x00,0x00,0x00,0x00,0x58,0xFF,0xFF,0xFF,0xFF,0xFF,0x59,0x00,0x00,0x00,0x00,0x00,
  0x00,0xCE,0xFF,0xFF,0xA1,0xFF,0xFF,0xD0,0x00,0x00,0x00,0x00,0x00,0x45,0xFF,0xFF,0xC7,0x00,0xD1,0xFF,
  0xFF,0x48,0x00,0x00,0x00,0x00,0xBC,0xFF,0xFF,0x54,0x00,0x5D,0xFF,0xFF,0xC0,0x00,0x00,0x00,0x32,0xFF,
  0xFF,0xDF,0x03,0x00,0x04,0xE2,0xFF,0xFF,0x38,0x00,0x00,0xA9,0xFF,0xFF,0x6F,0x00,0x00,0x00,0x71,0xFF,
  0xFF,0xAF,0x00,0x23,0xFC,0xFF,0xF0,0x0C,0x00,0x00,0x00,0x0C,0xEF,0xFF,0xFE,0x28,0x0E,0x24,0x24,0x1A,
  0x00,0x00,0x00,0x00,0x00,0x19,0x24,0x24,0x0F,0x48,0x48,0x48,0x48,0x48,0x48,0x48,0x48,0x48,0x48,0x48,
  0x48,0x48,0xFF,0xFF,0xFF,0xFF,0xFF,0xFF,0xFF,0xFF,0xFF,0xFF,0xFF,0xFF,0xFF,0xFF,0xFF,0xFF,0xFF,0xFF,
  0xFF,0xFF,0xFF,0xFF,0xFF,0xFF,0xFF,0xFF,0xFF,0xFF,0xFF,0xFF,0xFF,0xFF,0xFF,0xFF,0xFF,0xFF,0xFF,0xFF,
  0xFF,0x62,0xFF,0xFF,0xFF,0x60,0x00,0x00,0x00,0x8D,0xFF,0xFF,0xE6,0x0C,0x00,0x00,0x02,0xB5,0xFF,0xFF,
  0x84,0x00,0x00,0x00,0x0E,0xD4,0xFF,0xF7,0x1F,0x00,0x00,0x00,0x4E,0xA8,0xE0,0xF6,0xF6,0xDC,0xA2,0x3F,
  0x00,0x00,0x00,0x00,0x0A,0xB6,0xFF,0xFF,0xFF,0xFF,0xFF,0xFF,0xFF,0xFF,0x97,0x01,0x00,0x00,0xA9,0xFF,
  0xFF,0xFF,0xFF,0xFF,0xFF,0xFF,0xFF,0xFF,0xFF,0x6C,0x00,0x2B,0xFF,0xFF,0xFF,0xFE,0x9D,0x58,0x68,0xDA,
  0xFF,0xFF,0xFF,0xDA,0x00,0x5E,0xE4,0xE4,0xE4,0x91,0x00,0x00,0x00,0x21,0xFF,0xFF,0xFF,0xFF,0x0A,0x00,
  0x00,0x00,0x00,0x00,0x00,0x00,0x00,0x2B,0xFF,0xFF,0xFF,0xFF,0x17,0x00,0x00,0x00,0x36,0x68,0x91,0xAE,
  0xD0,0xFC,0xFF,0xFF,0xFF,0xFF,0x18,0x00,0x57,0xD6,0xFF,0xFF,0xFF,0xFF,0xFF,0xFB,0xFF,0xFF,0xFF,0xFF,
  0x18,0x57,0xFF,0xFF,0xFF,0xFE,0xB5,0x76,0x47,0x11,0xFF,0xFF,0xFF,0xFF,0x18,0xCF,0xFF,0xFF,0xFF,0x5D,
  0x00,0x00,0x00,0x0A,0xFF,0xFF,0xFF,0xFF,0x18,0xF7,0xFF,0xFF,0xFF,0x31,0x00,0x00,0x00,0x65,0xFF,0xFF,
  0xFF,0xFF,0x18,0xEA,0xFF,0xFF,0xFF,0xD2,0x61,0x52,0x92,0xFA,0xFF,0xFF,0xFF,0xFF,0x18,0xA6,0xFF,0xFF,
  0xFF,0xFF,0xFF,0xFF,0xFF,0xD2,0xFF,0xFF,0xFF,0xFF,0x18,0x21,0xE7,0xFF,0xFF,0xFF,0xFF,0xFF,0xF5,0x31,
  0xFF,0xFF,0xFF,0xFF,0x18,0x00,0x17,0x91,0xDB,0xF8,0xF0,0xB3,0x25,0x00,0xFF,0xFF,0xFF,0xFF,0x18,0xFF,
  0xFF,0xFF,0xFF,0x18,0x00,0x00,0x00,0x00,0x00,0x00,0x00,0x00,0x00,0x00,0xFF,0xFF,0xFF,0xFF,0x18,0x00,
  0x00,0x00,0x00,0x00,0x00,0x00,0x00,0x00,0x00,0xFF,0xFF,0xFF,0xFF,0x18,0x00,0x00,0x00,0x00,0x00,0x00,
  0x00,0x00,0x00,0x00,0xFF,0xFF,0xFF,0xFF,0x18,0x00,0x00,0x00,0x00,0x00,0x00,0x00,0x00,0x00,0x00,0xFF,
  0xFF,0xFF,0xFF,0x18,0x00,0x00,0x00,0x00,0x00,0x00,0x00,0x00,0x00,0x00,0xFF,0xFF,0xFF,0xFF,0x18,0x16,
  0x96,0xE4,0xF9,0xE0,0xAB,0x3C,0x00,0x00,0x00,0xFF,0xFF,0xFF,0xFF,0x40,0xED,0xFF,0xFF,0xFF,0xFF,0xFF,
  0xFF,0x8B,0x02,0x00,0xFF,0xFF,0xFF,0xFF,0xE8,0xFF,0xFF,0xFF,0xFF,0xFF,0xFF,0xFF,0xFF,0x7D,0x00,0xFF,
  0xFF,0xFF,0xFF,0xFF,0xE8,0x7A,0x50,0x71,0xE1,0xFF,0xFF,0xFF,0xF9,0x23,0xFF,0xFF,0xFF,0xFF,0xEA,0x1D,
  0x00,0x00,0x00,0x17,0xE6,0xFF,0xFF,0xFF,0x7F,0xFF,0xFF,0xFF,0xFF,0x73,0x00,0x00,0x00,0x00,0x00,0x72,
  0xFF,0xFF,0xFF,0xCA,0xFF,0xFF,0xFF,0xFF,0x30,0x00,0x00,0x00,0x00,0x00,0x30,0xFF,0xFF,0xFF,0xE6,0xFF,
  0xFF,0xFF,0xFF,0x1D,0x00,0x00,0x00,0x00,0x00,0x1D,0xFF,0xFF,0xFF,0xF9,0xFF,0xFF,0xFF,0xFF,0x31,0x00,
  0x00,0x00,0x00,0x00,0x30,0xFF,0xFF,0xFF,0xE7,0xFF,0xFF,0xFF,0xFF,0x75,0x00,0x00,0x00,0x00,0x00,0x71,
  0xFF,0xFF,0xFF,0xCB,0xFF,0xFF,0xFF,0xFF,0xEA,0x1D,0x00,0x00,0x00,0x16,0xE5,0xFF,0xFF,0xFF,0x83,0xFF,
  0xFF,0xFF,0xFF,0xFF,0xE6,0x78,0x50,0x70,0xDF,0xFF,0xFF,0xFF,0xFB,0x28,0xFF,0xFF,0xFF,0xFF,0xE8,0xFF,
  0xFF,0xFF,0xFF,0xFF,0xFF,0xFF,0xFF,0x86,0x00,0xFF,0xFF,0xFF,0xFF,0x43,0xF1,0xFF,0xFF,0xFF,0xFF,0xFF,
  0xFF,0x98,0x04,0x00,0xFF,0xFF,0xFF,0xFF,0x18,0x23,0xA0,0xE5,0xFA,0xE2,0xB0,0x46,0x00,0x00,0x00,0x00,
  0x00,0x00,0x17,0x78,0xC9,0xE8,0xF9,0xE6,0xB0,0x54,0x02,0x00,0x00,0x00,0x00,0x00,0x51,0xF1,0xFF,0xFF,
  0xFF,0xFF,0xFF,0xFF,0xFF,0xC2,0x16,0x00,0x00,0x00,0x4F,0xFF,0xFF,0xFF,0xFF,0xFF,0xFF,0xFF,0xFF,0xFF,
  0xFF,0xD1,0x08,0x00,0x14,0xED,0xFF,0xFF,0xFF,0xDB,0x6C,0x52,0x83,0xF3,0xFF,0xFF,0xFF,0x79,0x00,0x6F,
  0xFF,0xFF,0xFF,0xE1,0x12,0x00,0x00,0x00,0x43,0xFF,0xFF,0xFF,0xDB,0x00,0xC2,0xFF,0xFF,0xFF,0x6D,0x00,
  0x00,0x00,0x00,0x00,0x8C,0x9C,0x9C,0x9B,0x04,0xE4,0xFF,0xFF,0xFF,0x2E,0x00,0x00,0x00,0x00,0x00,0x00,
  0x00,0x00,0x00,0x00,0xF9,0xFF,0xFF,0xFF,0x1D,0x00,0x00,0x00,0x00,0x00,0x00,0x00,0x00,0x00,0x00,0xE5,
  0xFF,0xFF,0xFF,0x2E,0x00,0x00,0x00,0x00,0x00,0x00,0x00,0x00,0x00,0x00,0xC3,0xFF,0xFF,0xFF,0x6D,0x00,
  0x00,0x00,0x00,0x00,0x98,0xA8,0xA8,0xA7,0x06,0x70,0xFF,0xFF,0xFF,0xE1,0x12,0x00,0x00,0x00,0x4D,0xFF,
  0xFF,0xFF,0xDC,0x00,0x14,0xED,0xFF,0xFF,0xFF,0xDB,0x6C,0x51,0x83,0xF4,0xFF,0xFF,0xFF,0x7B,0x00,0x00,
  0x4E,0xFE,0xFF,0xFF,0xFF,0xFF,0xFF,0xFF,0xFF,0xFF,0xFF,0xD2,0x08,0x00,0x00,0x00,0x50,0xF1,0xFF,0xFF,
  0xFF,0xFF,0xFF,0xFF,0xFF,0xC0,0x16,0x00,0x00,0x00,0x00,0x00,0x17,0x79,0xC9,0xE9,0xFA,0xE6,0xAF,0x52,
  0x02,0x00,0x00,0x00,0x00,0x00,0x00,0x00,0x00,0x00,0x00,0x00,0x00,0x00,0x18,0xFF,0xFF,0xFF,0xFF,0x00,
  0x00,0x00,0x00,0x00,0x00,0x00,0x00,0x00,0x00,0x18,0xFF,0xFF,0xFF,0xFF,0x00,0x00,0x00,0x00,0x00,0x00,
  0x00,0x00,0x00,0x00,0x18,0xFF,0xFF,0xFF,0xFF,0x00,0x00,0x00,0x00,0x00,0x00,0x00,0x00,0x00,0x00,0x18,
  0xFF,0xFF,0xFF,0xFF,0x00,0x00,0x00,0x00,0x00,0x00,0x00,0x00,0x00,0x00,0x18,0xFF,0xFF,0xFF,0xFF,0x00,
  0x00,0x00,0x3A,0xA9,0xDF,0xF9,0xE6,0x9B,0x1A,0x18,0xFF,0xFF,0xFF,0xFF,0x00,0x01,0x87,0xFF,0xFF,0xFF,
  0xFF,0xFF,0xFF,0xF2,0x47,0xFF,0xFF,0xFF,0xFF,0x00,0x7A,0xFF,0xFF,0xFF,0xFF,0xFF,0xFF,0xFF,0xFF,0xED,
  0xFF,0xFF,0xFF,0xFF,0x23,0xF9,0xFF,0xFF,0xFF,0xE1,0x71,0x50,0x7B,0xEA,0xFF,0xFF,0xFF,0xFF,0xFF,0x80,
  0xFF,0xFF,0xFF,0xE4,0x16,0x00,0x00,0x00,0x20,0xEC,0xFF,0xFF,0xFF,0xFF,0xCA,0xFF,0xFF,0xFF,0x6F,0x00,
  0x00,0x00,0x00,0x00,0x77,0xFF,0xFF,0xFF,0xFF,0xE7,0xFF,0xFF,0xFF,0x2F,0x00,0x00,0x00,0x00,0x00,0x31,
  0xFF,0xFF,0xFF,0xFF,0xFA,0xFF,0xFF,0xFF,0x1D,0x00,0x00,0x00,0x00,0x00,0x1E,0xFF,0xFF,0xFF,0xFF,0xE8,
  0xFF,0xFF,0xFF,0x2F,0x00,0x00,0x00,0x00,0x00,0x32,0xFF,0xFF,0xFF,0xFF,0xCB,0xFF,0xFF,0xFF,0x6D,0x00,
  0x00,0x00,0x00,0x00,0x79,0xFF,0xFF,0xFF,0xFF,0x84,0xFF,0xFF,0xFF,0xE3,0x15,0x00,0x00,0x00,0x1F,0xED,
  0xFF,0xFF,0xFF,0xFF,0x28,0xFB,0xFF,0xFF,0xFF,0xDF,0x70,0x50,0x79,0xE8,0xFF,0xFF,0xFF,0xFF,0xFF,0x00,
  0x87,0xFF,0xFF,0xFF,0xFF,0xFF,0xFF,0xFF,0xFF,0xE2,0xFF,0xFF,0xFF,0xFF,0x00,0x04,0x9A,0xFF,0xFF,0xFF,
  0xFF,0xFF,0xFF,0xEE,0x3D,0xFF,0xFF,0xFF,0xFF,0x00,0x00,0x00,0x48,0xB2,0xE2,0xFA,0xE4,0x9D,0x20,0x18,
  0xFF,0xFF,0xFF,0xFF,0x00,0x00,0x00,0x1B,0x82,0xCF,0xEE,0xF5,0xD8,0x91,0x24,0x00,0x00,0x00,0x00,0x00,
  0x00,0x54,0xF4,0xFF,0xFF,0xFF,0xFF,0xFF,0xFF,0xFA,0x72,0x00,0x00,0x00,0x00,0x4F,0xFF,0xFF,0xFF,0xFF,
  0xFF,0xFF,0xFF,0xFF,0xFF,0xFF,0x6C,0x00,0x00,0x12,0xEB,0xFF,0xFF,0xFF,0xB7,0x5A,0x56,0xAB,0xFF,0xFF,
  0xFF,0xF8,0x1D,0x00,0x6D,0xFF,0xFF,0xFF,0xAF,0x01,0x00,0x00,0x00,0x9A,0xFF,0xFF,0xFF,0x8A,0x00,0xC1,
  0xFF,0xFF,0xFF,0x3F,0x00,0x00,0x00,0x00,0x2A,0xFF,0xFF,0xFF,0xD3,0x00,0xE4,0xFF,0xFF,0xFF,0xFF,0xFF,
  0xFF,0xFF,0xFF,0xFF,0xFF,0xFF,0xFF,0xFD,0x02,0xF9,0xFF,0xFF,0xFF,0xFF,0xFF,0xFF,0xFF,0xFF,0xFF,0xFF,
  0xFF,0xFF,0xFF,0x12,0xE5,0xFF,0xFF,0xFF,0xF6,0xD8,0xD8,0xD8,0xD8,0xD8,0xD8,0xD8,0xD8,0xD8,0x14,0xC4,
  0xFF,0xFF,0xFF,0x47,0x00,0x00,0x00,0x00,0x00,0x00,0x00,0x00,0x00,0x00,0x72,0xFF,0xFF,0xFF,0xBC,0x03,
  0x00,0x00,0x00,0x35,0xB0,0xB0,0xB0,0x8D,0x00,0x15,0xEE,0xFF,0xFF,0xFF,0xC4,0x61,0x52,0x7F,0xEE,0xFF,
  0xFF,0xFF,0x7E,0x00,0x00,0x54,0xFF,0xFF,0xFF,0xFF,0xFF,0xFF,0xFF,0xFF,0xFF,0xFF,0xD5,0x09,0x00,0x00,
  0x00,0x57,0xF5,0xFF,0xFF,0xFF,0xFF,0xFF,0xFF,0xFF,0xC2,0x16,0x00,0x00,0x00,0x00,0x00,0x1B,0x7F,0xCC,
  0xEB,0xF8,0xE1,0xAA,0x50,0x00,0x00,0x00,0x00,0x00,0x00,0x00,0x00,0x2D,0xA6,0xE5,0xFB,0xFF,0xFA,0x00,
  0x00,0x00,0x36,0xF8,0xFF,0xFF,0xFF,0xFF,0xFF,0x00,0x00,0x00,0xB9,0xFF,0xFF,0xFF,0xFF,0xFF,0xFF,0x00,
  0x00,0x00,0xF0,0xFF,0xFF,0xFF,0xB1,0x4F,0x48,0x00,0x00,0x00,0xFF,0xFF,0xFF,0xFF,0x24,0x00,0x00,0x80,
  0xFF,0xFF,0xFF,0xFF,0xFF,0xFF,0xFF,0xFF,0xFF,0x80,0xFF,0xFF,0xFF,0xFF,0xFF,0xFF,0xFF,0xFF,0xFF,0x80,
  0xFF,0xFF,0xFF,0xFF,0xFF,0xFF,0xFF,0xFF,0xFF,0x24,0x48,0x48,0xFF,0xFF,0xFF,0xFF,0x60,0x48,0x48,0x00,
  0x00,0x00,0xFF,0xFF,0xFF,0xFF,0x18,0x00,0x00,0x00,0x00,0x00,0xFF,0xFF,0xFF,0xFF,0x18,0x00,0x00,0x00,
  0x00,0x00,0xFF,0xFF,0xFF,0xFF,0x18,0x00,0x00,0x00,0x00,0x00,0xFF,0xFF,0xFF,0xFF,0x18,0x00,0x00,0x00,
  0x00,0x00,0xFF,0xFF,0xFF,0xFF,0x18,0x00,0x00,0x00,0x00,0x00,0xFF,0xFF,0xFF,0xFF,0x18,0x00,0x00,0x00,
  0x00,0x00,0xFF,0xFF,0xFF,0xFF,0x18,0x00,0x00,0x00,0x00,0x00,0xFF,0xFF,0xFF,0xFF,0x18,0x00,0x00,0x00,
  0x00,0x00,0xFF,0xFF,0xFF,0xFF,0x18,0x00,0x00,0x00,0x00,0x00,0xFF,0xFF,0xFF,0xFF,0x18,0x00,0x00,0x00,
  0x00,0x00,0xFF,0xFF,0xFF,0xFF,0x18,0x00,0x00,0x00,0x00,0x00,0x37,0xA9,0xDF,0xF9,0xE3,0x93,0x15,0x18,
  0xFF,0xFF,0xFF,0xFF,0x00,0x00,0x81,0xFF,0xFF,0xFF,0xFF,0xFF,0xFF,0xEE,0x42,0xFF,0xFF,0xFF,0xFF,0x00,
  0x73,0xFF,0xFF,0xFF,0xFF,0xFF,0xFF,0xFF,0xFF,0xEA,0xFF,0xFF,0xFF,0xFF,0x1E,0xF6,0xFF,0xFF,0xFF,0xE1,
  0x72,0x51,0x7A,0xE8,0xFF,0xFF,0xFF,0xFF,0xFF,0x7A,0xFF,0xFF,0xFF,0xE4,0x16,0x00,0x00,0x00,0x1E,0xEB,
  0xFF,0xFF,0xFF,0xFF,0xC6,0xFF,0xFF,0xFF,0x6F,0x00,0x00,0x00,0x00,0x00,0x76,0xFF,0xFF,0xFF,0xFF,0xE5,
  0xFF,0xFF,0xFF,0x2F,0x00,0x00,0x00,0x00,0x00,0x31,0xFF,0xFF,0xFF,0xFF,0xF9,0xFF,0xFF,0xFF,0x1D,0x00,
  0x00,0x00,0x00,0x00,0x1E,0xFF,0xFF,0xFF,0xFF,0xEA,0xFF,0xFF,0xFF,0x2E,0x00,0x00,0x00,0x00,0x00,0x30,
  0xFF,0xFF,0xFF,0xFF,0xCE,0xFF,0xFF,0xFF,0x6C,0x00,0x00,0x00,0x00,0x00,0x73,0xFF,0xFF,0xFF,0xFF,0x87,
  0xFF,0xFF,0xFF,0xE2,0x14,0x00,0x00,0x00,0x1C,0xE9,0xFF,0xFF,0xFF,0xFF,0x29,0xFC,0xFF,0xFF,0xFF,0xDE,
  0x70,0x50,0x78,0xE6,0xFF,0xFF,0xFF,0xFF,0xFF,0x00,0x86,0xFF,0xFF,0xFF,0xFF,0xFF,0xFF,0xFF,0xFF,0xDA,
  0xFF,0xFF,0xFF,0xFF,0x00,0x03,0x96,0xFF,0xFF,0xFF,0xFF,0xFF,0xFF,0xEE,0x38,0xFF,0xFF,0xFF,0xFF,0x00,
  0x00,0x00,0x44,0xB0,0xE2,0xFA,0xE6,0xA0,0x21,0x19,0xFF,0xFF,0xFF,0xFB,0x00,0x00,0x00,0x00,0x00,0x00,
  0x00,0x00,0x00,0x00,0x39,0xFF,0xFF,0xFF,0xE1,0x26,0xB8,0xB8,0xB8,0x8E,0x00,0x00,0x00,0x00,0x00,0xA2,
  0xFF,0xFF,0xFF,0xBC,0x04,0xE9,0xFF,0xFF,0xFF,0xC2,0x69,0x50,0x66,0xBC,0xFF,0xFF,0xFF,0xFF,0x5C,0x00,
  0x5C,0xFF,0xFF,0xFF,0xFF,0xFF,0xFF,0xFF,0xFF,0xFF,0xFF,0xFF,0xC3,0x06,0x00,0x00,0x6A,0xF7,0xFF,0xFF,
  0xFF,0xFF,0xFF,0xFF,0xFF,0xFF,0xB7,0x11,0x00,0x00,0x00,0x00,0x1C,0x83,0xC8,0xEA,0xFA,0xEE,0xD6,0x9B,
  0x46,0x00,0x00,0x00,0xFF,0xFF,0xFF,0xFF,0x18,0x00,0x00,0x00,0x00,0x00,0x00,0x00,0x00,0x00,0xFF,0xFF,
  0xFF,0xFF,0x18,0x00,0x00,0x00,0x00,0x00,0x00,0x00,0x00,0x00,0xFF,0xFF,0xFF,0xFF,0x18,0x00,0x00,0x00,
  0x00,0x00,0x00,0x00,0x00,0x00,0xFF,0xFF,0xFF,0xFF,0x18,0x00,0x00,0x00,0x00,0x00,0x00,0x00,0x00,0x00,
  0xFF,0xFF,0xFF,0xFF,0x18,0x00,0x00,0x00,0x00,0x00,0x00,0x00,0x00,0x00,0xFF,0xFF,0xFF,0xFF,0x18,0x05,
  0x78,0xD6,0xF8,0xE9,0xB6,0x47,0x00,0x00,0xFF,0xFF,0xFF,0xFF,0x1D,0xBA,0xFF,0xFF,0xFF,0xFF,0xFF,0xFF,
  0x7B,0x00,0xFF,0xFF,0xFF,0xFF,0x9B,0xFF,0xFF,0xFF,0xFF,0xFF,0xFF,0xFF,0xFE,0x3B,0xFF,0xFF,0xFF,0xFF,
  0xFF,0xB6,0x5B,0x59,0xA5,0xFF,0xFF,0xFF,0xFF,0xA3,0xFF,0xFF,0xFF,0xFF,0xC2,0x00,0x00,0x00,0x00,0x96,
  0xFF,0xFF,0xFF,0xE0,0xFF,0xFF,0xFF,0xFF,0x3D,0x00,0x00,0x00,0x00,0x36,0xFF,0xFF,0xFF,0xF8,0xFF,0xFF,
  0xFF,0xFF,0x1C,0x00,0x00,0x00,0x00,0x19,0xFF,0xFF,0xFF,0xFF,0xFF,0xFF,0xFF,0xFF,0x18,0x00,0x00,0x00,
  0x00,0x18,0xFF,0xFF,0xFF,0xFF,0xFF,0xFF,0xFF,0xFF,0x18,0x00,0x00,0x00,0x00,0x18,0xFF,0xFF,0xFF,0xFF,
  0xFF,0xFF,0xFF,0xFF,0x18,0x00,0x00,0x00,0x00,0x18,0xFF,0xFF,0xFF,0xFF,0xFF,0xFF,0xFF,0xFF,0x18,0x00,
  0x00,0x00,0x00,0x18,0xFF,0xFF,0xFF,0xFF,0xFF,0xFF,0xFF,0xFF,0x18,0x00,0x00,0x00,0x00,0x18,0xFF,0xFF,
  0xFF,0xFF,0xFF,0xFF,0xFF,0xFF,0x18,0x00,0x00,0x00,0x00,0x18,0xFF,0xFF,0xFF,0xFF,0xFF,0xFF,0xFF,0xFF,
  0x18,0x00,0x00,0x00,0x00,0x18,0xFF,0xFF,0xFF,0xFF,0xFF,0xFF,0xFF,0xFF,0x18,0x00,0x00,0x00,0x00,0x18,
  0xFF,0xFF,0xFF,0xFF,0x4C,0xE3,0xE9,0x5B,0x00,0xE5,0xFF,0xFF,0xF6,0x05,0xE5,0xFF,0xFF,0xF6,0x05,0x4C,
  0xE3,0xE9,0x5B,0x00,0x00,0x00,0x00,0x00,0x00,0xFF,0xFF,0xFF,0xFF,0x18,0xFF,0xFF,0xFF,0xFF,0x18,0xFF,
  0xFF,0xFF,0xFF,0x18,0xFF,0xFF,0xFF,0xFF,0x18,0xFF,0xFF,0xFF,0xFF,0x18,0xFF,0xFF,0xFF,0xFF,0x18,0xFF,
  0xFF,0xFF,0xFF,0x18,0xFF,0xFF,0xFF,0xFF,0x18,0xFF,0xFF,0xFF,0xFF,0x18,0xFF,0xFF,0xFF,0xFF,0x18,0xFF,
  0xFF,0xFF,0xFF,0x18,0xFF,0xFF,0xFF,0xFF,0x18,0xFF,0xFF,0xFF,0xFF,0x18,0xFF,0xFF,0xFF,0xFF,0x18,0xFF,
  0xFF,0xFF,0xFF,0x18,0x00,0x00,0x4C,0xE3,0xE9,0x5B,0x00,0x00,0x00,0xE5,0xFF,0xFF,0xF6,0x05,0x00,0x00,
  0xE5,0xFF,0xFF,0xF6,0x05,0x00,0x00,0x4C,0xE3,0xE9,0x5B,0x00,0x00,0x00,0x00,0x00,0x00,0x00,0x00,0x00,
  0x00,0xFF,0xFF,0xFF,0xFF,0x18,0x00,0x00,0xFF,0xFF,0xFF,0xFF,0x18,0x00,0x00,0xFF,0xFF,0xFF,0xFF,0x18,
  0x00,0x00,0xFF,0xFF,0xFF,0xFF,0x18,0x00,0x00,0xFF,0xFF,0xFF,0xFF,0x18,0x00,0x00,0xFF,0xFF,0xFF,0xFF,
  0x18,0x00,0x00,0xFF,0xFF,0xFF,0xFF,0x18,0x00,0x00,0xFF,0xFF,0xFF,0xFF,0x18,0x00,0x00,0xFF,0xFF,0xFF,
  0xFF,0x18,0x00,0x00,0xFF,0xFF,0xFF,0xFF,0x18,0x00,0x00,0xFF,0xFF,0xFF,0xFF,0x18,0x00,0x00,0xFF,0xFF,
  0xFF,0xFF,0x18,0x00,0x00,0xFF,0xFF,0xFF,0xFF,0x18,0x00,0x00,0xFF,0xFF,0xFF,0xFF,0x18,0x00,0x00,0xFF,
  0xFF,0xFF,0xFF,0x18,0x00,0x00,0xFF,0xFF,0xFF,0xFF,0x18,0x00,0x12,0xFF,0xFF,0xFF,0xFF,0x11,0x4A,0x9F,
  0xFF,0xFF,0xFF,0xF5,0x00,0xFF,0xFF,0xFF,0xFF,0xFF,0xAA,0x00,0xFF,0xFF,0xFF,0xFF,0xEE,0x22,0x00,0xFF,
  0xFB,0xE2,0x9E,0x1F,0x00,0x00,0xFF,0xFF,0xFF,0xFF,0x18,0x00,0x00,0x00,0x00,0x00,0x00,0x00,0x00,0x00,
  0x00,0xFF,0xFF,0xFF,0xFF,0x18,0x00,0x00,0x00,0x00,0x00,0x00,0x00,0x00,0x00,0x00,0xFF,0xFF,0xFF,0xFF,
  0x18,0x00,0x00,0x00,0x00,0x00,0x00,0x00,0x00,0x00,0x00,0xFF,0xFF,0xFF,0xFF,0x18,0x00,0x00,0x00,0x00,
  0x00,0x00,0x00,0x00,0x00,0x00,0xFF,0xFF,0xFF,0xFF,0x18,0x00,0x00,0x00,0x00,0x00,0x00,0x00,0x00,0x00,
  0x00,0xFF,0xFF,0xFF,0xFF,0x18,0x00,0x00,0x00,0x38,0xF7,0xFF,0xFF,0xFF,0x87,0x00,0xFF,0xFF,0xFF,0xFF,
  0x18,0x00,0x00,0x1E,0xE8,0xFF,0xFF,0xFF,0xAD,0x01,0x00,0xFF,0xFF,0xFF,0xFF,0x18,0x00,0x0C,0xD1,0xFF,
  0xFF,0xFF,0xCC,0x0A,0x00,0x00,0xFF,0xFF,0xFF,0xFF,0x18,0x02,0xB3,0xFF,0xFF,0xFF,0xE4,0x1A,0x00,0x00,
  0x00,0xFF,0xFF,0xFF,0xFF,0x18,0x8D,0xFF,0xFF,0xFF,0xF4,0x31,0x00,0x00,0x00,0x00,0xFF,0xFF,0xFF,0xFF,
  0x7C,0xFF,0xFF,0xFF,0xFE,0x50,0x00,0x00,0x00,0x00,0x00,0xFF,0xFF,0xFF,0xFF,0xFF,0xFF,0xFF,0xFF,0xA3,
  0x00,0x00,0x00,0x00,0x00,0x00,0xFF,0xFF,0xFF,0xFF,0xFF,0xFF,0xFF,0xFF,0xD4,0x09,0x00,0x00,0x00,0x00,
  0x00,0xFF,0xFF,0xFF,0xFF,0xFF,0xFF,0xFF,0xFF,0xFF,0x96,0x00,0x00,0x00,0x00,0x00,0xFF,0xFF,0xFF,0xFF,
  0xEA,0x7D,0xFF,0xFF,0xFF,0xFF,0x4E,0x00,0x00,0x00,0x00,0xFF,0xFF,0xFF,0xFF,0x32,0x00,0xB4,0xFF,0xFF,
  0xFF,0xEC,0x1A,0x00,0x00,0x00,0xFF,0xFF,0xFF,0xFF,0x18,0x00,0x15,0xE7,0xFF,0xFF,0xFF,0xBC,0x01,0x00,
  0x00,0xFF,0xFF,0xFF,0xFF,0x18,0x00,0x00,0x46,0xFE,0xFF,0xFF,0xFF,0x77,0x00,0x00,0xFF,0xFF,0xFF,0xFF,
  0x18,0x00,0x00,0x00,0x8D,0xFF,0xFF,0xFF,0xFA,0x34,0x00,0xFF,0xFF,0xFF,0xFF,0x18,0x00,0x00,0x00,0x06,
  0xCD,0xFF,0xFF,0xFF,0xDA,0x0C,0xFF,0xFF,0xFF,0xFF,0x18,0xFF,0xFF,0xFF,0xFF,0x18,0xFF,0xFF,0xFF,0xFF,
  0x18,0xFF,0xFF,0xFF,0xFF,0x18,0xFF,0xFF,0xFF,0xFF,0x18,0xFF,0xFF,0xFF,0xFF,0x18,0xFF,0xFF,0xFF,0xFF,
  0x18,0xFF,0xFF,0xFF,0xFF,0x18,0xFF,0xFF,0xFF,0xFF,0x18,0xFF,0xFF,0xFF,0xFF,0x18,0xFF,0xFF,0xFF,0xFF,
  0x18,0xFF,0xFF,0xFF,0xFF,0x18,0xFF,0xFF,0xFF,0xFF,0x18,0xFF,0xFF,0xFF,0xFF,0x18,0xFF,0xFF,0xFF,0xFF,
  0x18,0xFF,0xFF,0xFF,0xFF,0x18,0xFF,0xFF,0xFF,0xFF,0x18,0xFF,0xFF,0xFF,0xFF,0x18,0xFF,0xFF,0xFF,0xFF,
  0x18,0xFF,0xFF,0xFF,0xFF,0x18,0xFF,0xFF,0xFF,0xFF,0x18,0x15,0x94,0xE3,0xF6,0xD2,0x6C,0x04,0x00,0x00,
  0x50,0xBC,0xF0,0xF4,0xCC,0x68,0x01,0x00,0xFF,0xFF,0xFF,0xFF,0x32,0xDF,0xFF,0xFF,0xFF,0xFF,0xFF,0x9F,
  0x00,0x91,0xFF,0xFF,0xFF,0xFF,0xFF,0xFF,0xAA,0x00,0xFF,0xFF,0xFF,0xFF,0xC6,0xFF,0xFF,0xFF,0xFF,0xFF,
  0xFF,0xFF,0x96,0xFF,0xFF,0xFF,0xFF,0xFF,0xFF,0xFF,0xFF,0x5F,0xFF,0xFF,0xFF,0xFF,0xFF,0x92,0x52,0x83,
  0xF8,0xFF,0xFF,0xFF,0xFF,0xF7,0x7F,0x51,0x88,0xF9,0xFF,0xFF,0xFF,0xC2,0xFF,0xFF,0xFF,0xFF,0x86,0x00,
  0x00,0x00,0x6F,0xFF,0xFF,0xFF,0xFF,0x63,0x00,0x00,0x00,0x72,0xFF,0xFF,0xFF,0xEC,0xFF,0xFF,0xFF,0xFF,
  0x2B,0x00,0x00,0x00,0x25,0xFF,0xFF,0xFF,0xFF,0x0E,0x00,0x00,0x00,0x28,0xFF,0xFF,0xFF,0xFF,0xFF,0xFF,
  0xFF,0xFF,0x18,0x00,0x00,0x00,0x18,0xFF,0xFF,0xFF,0xFF,0x00,0x00,0x00,0x00,0x18,0xFF,0xFF,0xFF,0xFF,
  0xFF,0xFF,0xFF,0xFF,0x18,0x00,0x00,0x00,0x18,0xFF,0xFF,0xFF,0xFF,0x00,0x00,0x00,0x00,0x18,0xFF,0xFF,
  0xFF,0xFF,0xFF,0xFF,0xFF,0xFF,0x18,0x00,0x00,0x00,0x18,0xFF,0xFF,0xFF,0xFF,0x00,0x00,0x00,0x00,0x18,
  0xFF,0xFF,0xFF,0xFF,0xFF,0xFF,0xFF,0xFF,0x18,0x00,0x00,0x00,0x18,0xFF,0xFF,0xFF,0xFF,0x00,0x00,0x00,
  0x00,0x18,0xFF,0xFF,0xFF,0xFF,0xFF,0xFF,0xFF,0xFF,0x18,0x00,0x00,0x00,0x18,0xFF,0xFF,0xFF,0xFF,0x00,
  0x00,0x00,0x00,0x18,0xFF,0xFF,0xFF,0xFF,0xFF,0xFF,0xFF,0xFF,0x18,0x00,0x00,0x00,0x18,0xFF,0xFF,0xFF,
  0xFF,0x00,0x00,0x00,0x00,0x18,0xFF,0xFF,0xFF,0xFF,0xFF,0xFF,0xFF,0xFF,0x18,0x00,0x00,0x00,0x18,0xFF,
  0xFF,0xFF,0xFF,0x00,0x00,0x00,0x00,0x18,0xFF,0xFF,0xFF,0xFF,0xFF,0xFF,0xFF,0xFF,0x18,0x00,0x00,0x00,
  0x18,0xFF,0xFF,0xFF,0xFF,0x00,0x00,0x00,0x00,0x18,0xFF,0xFF,0xFF,0xFF,0xFF,0xFF,0xFF,0xFF,0x18,0x00,
  0x00,0x00,0x18,0xFF,0xFF,0xFF,0xFF,0x00,0x00,0x00,0x00,0x18,0xFF,0xFF,0xFF,0xFF,0xFF,0xFF,0xFF,0xFF,
  0x18,0x2C,0x9D,0xDB,0xF6,0xE9,0xB6,0x47,0x00,0x00,0xFF,0xFF,0xFF,0xFF,0x6E,0xF9,0xFF,0xFF,0xFF,0xFF,
  0xFF,0xFF,0x7B,0x00,0xFF,0xFF,0xFF,0xFF,0xFF,0xFF,0xFF,0xFF,0xFF,0xFF,0xFF,0xFF,0xFE,0x3B,0xFF,0xFF,
  0xFF,0xFF,0xFF,0xB6,0x5B,0x59,0xA5,0xFF,0xFF,0xFF,0xFF,0xA3,0xFF,0xFF,0xFF,0xFF,0xAA,0x00,0x00,0x00,
  0x00,0x96,0xFF,0xFF,0xFF,0xE0,0xFF,0xFF,0xFF,0xFF,0x3D,0x00,0x00,0x00,0x00,0x36,0xFF,0xFF,0xFF,0xF8,
  0xFF,0xFF,0xFF,0xFF,0x1C,0x00,0x00,0x00,0x00,0x19,0xFF,0xFF,0xFF,0xFF,0xFF,0xFF,0xFF,0xFF,0x18,0x00,
  0x00,0x00,0x00,0x18,0xFF,0xFF,0xFF,0xFF,0xFF,0xFF,0xFF,0xFF,0x18,0x00,0x00,0x00,0x00,0x18,0xFF,0xFF,
  0xFF,0xFF,0xFF,0xFF,0xFF,0xFF,0x18,0x00,0x00,0x00,0x00,0x18,0xFF,0xFF,0xFF,0xFF,0xFF,0xFF,0xFF,0xFF,
  0x18,0x00,0x00,0x00,0x00,0x18,0xFF,0xFF,0xFF,0xFF,0xFF,0xFF,0xFF,0xFF,0x18,0x00,0x00,0x00,0x00,0x18,
  0xFF,0xFF,0xFF,0xFF,0xFF,0xFF,0xFF,0xFF,0x18,0x00,0x00,0x00,0x00,0x18,0xFF,0xFF,0xFF,0xFF,0xFF,0xFF,
  0xFF,0xFF,0x18,0x00,0x00,0x00,0x00,0x18,0xFF,0xFF,0xFF,0xFF,0xFF,0xFF,0xFF,0xFF,0x18,0x00,0x00,0x00,
  0x00,0x18,0xFF,0xFF,0xFF,0xFF,0x00,0x00,0x00,0x10,0x6B,0xC1,0xE3,0xF8,0xE3,0xC2,0x6C,0x11,0x00,0x00,
  0x00,0x00,0x00,0x45,0xE9,0xFF,0xFF,0xFF,0xFF,0xFF,0xFF,0xFF,0xE9,0x45,0x00,0x00,0x00,0x46,0xFD,0xFF,
  0xFF,0xFF,0xFF,0xFF,0xFF,0xFF,0xFF,0xFF,0xFD,0x45,0x00,0x11,0xEA,0xFF,0xFF,0xFF,0xE4,0x76,0x50,0x76,
  0xE5,0xFF,0xFF,0xFF,0xE9,0x10,0x6C,0xFF,0xFF,0xFF,0xE7,0x19,0x00,0x00,0x00,0x1B,0xE9,0xFF,0xFF,0xFF,
  0x6B,0xC1,0xFF,0xFF,0xFF,0x70,0x00,0x00,0x00,0x00,0x00,0x74,0xFF,0xFF,0xFF,0xC1,0xE4,0xFF,0xFF,0xFF,
  0x2F,0x00,0x00,0x00,0x00,0x00,0x31,0xFF,0xFF,0xFF,0xE3,0xF9,0xFF,0xFF,0xFF,0x1D,0x00,0x00,0x00,0x00,
  0x00,0x1D,0xFF,0xFF,0xFF,0xF8,0xE4,0xFF,0xFF,0xFF,0x2F,0x00,0x00,0x00,0x00,0x00,0x30,0xFF,0xFF,0xFF,
  0xE3,0xC2,0xFF,0xFF,0xFF,0x6F,0x00,0x00,0x00,0x00,0x00,0x73,0xFF,0xFF,0xFF,0xC1,0x6D,0xFF,0xFF,0xFF,
  0xE6,0x19,0x00,0x00,0x00,0x1B,0xE9,0xFF,0xFF,0xFF,0x6C,0x11,0xEA,0xFF,0xFF,0xFF,0xE4,0x75,0x50,0x75,
  0xE5,0xFF,0xFF,0xFF,0xE9,0x11,0x00,0x46,0xFD,0xFF,0xFF,0xFF,0xFF,0xFF,0xFF,0xFF,0xFF,0xFF,0xFD,0x45,
  0x00,0x00,0x00,0x46,0xEA,0xFF,0xFF,0xFF,0xFF,0xFF,0xFF,0xFF,0xEA,0x46,0x00,0x00,0x00,0x00,0x00,0x11,
  0x6C,0xC1,0xE4,0xF9,0xE4,0xC2,0x6D,0x11,0x00,0x00,0x00,0xFF,0xFF,0xFF,0xFF,0x18,0x19,0x94,0xE2,0xF9,
  0xE1,0xAE,0x3E,0x00,0x00,0x00,0xFF,0xFF,0xFF,0xFF,0x47,0xF1,0xFF,0xFF,0xFF,0xFF,0xFF,0xFF,0x8D,0x02,
  0x00,0xFF,0xFF,0xFF,0xFF,0xF0,0xFF,0xFF,0xFF,0xFF,0xFF,0xFF,0xFF,0xFF,0x7E,0x00,0xFF,0xFF,0xFF,0xFF,
  0xFF,0xE8,0x7A,0x50,0x71,0xE1,0xFF,0xFF,0xFF,0xF9,0x23,0xFF,0xFF,0xFF,0xFF,0xEA,0x1D,0x00,0x00,0x00,
  0x17,0xE6,0xFF,0xFF,0xFF,0x7F,0xFF,0xFF,0xFF,0xFF,0x73,0x00,0x00,0x00,0x00,0x00,0x72,0xFF,0xFF,0xFF,
  0xCA,0xFF,0xFF,0xFF,0xFF,0x30,0x00,0x00,0x00,0x00,0x00,0x30,0xFF,0xFF,0xFF,0xE6,0xFF,0xFF,0xFF,0xFF,
  0x1D,0x00,0x00,0x00,0x00,0x00,0x1D,0xFF,0xFF,0xFF,0xF9,0xFF,0xFF,0xFF,0xFF,0x31,0x00,0x00,0x00,0x00,
  0x00,0x30,0xFF,0xFF,0xFF,0xE6,0xFF,0xFF,0xFF,0xFF,0x75,0x00,0x00,0x00,0x00,0x00,0x71,0xFF,0xFF,0xFF,
  0xCA,0xFF,0xFF,0xFF,0xFF,0xEA,0x1D,0x00,0x00,0x00,0x16,0xE5,0xFF,0xFF,0xFF,0x80,0xFF,0xFF,0xFF,0xFF,
  0xFF,0xE6,0x78,0x50,0x70,0xDF,0xFF,0xFF,0xFF,0xFA,0x25,0xFF,0xFF,0xFF,0xFF,0xE6,0xFF,0xFF,0xFF,0xFF,
  0xFF,0xFF,0xFF,0xFF,0x81,0x00,0xFF,0xFF,0xFF,0xFF,0x45,0xF2,0xFF,0xFF,0xFF,0xFF,0xFF,0xFF,0x93,0x03,
  0x00,0xFF,0xFF,0xFF,0xFF,0x18,0x1B,0xA0,0xE8,0xF9,0xE0,0xAD,0x42,0x00,0x00,0x00,0xFF,0xFF,0xFF,0xFF,
  0x18,0x00,0x00,0x00,0x00,0x00,0x00,0x00,0x00,0x00,0x00,0xFF,0xFF,0xFF,0xFF,0x18,0x00,0x00,0x00,0x00,
  0x00,0x00,0x00,0x00,0x00,0x00,0xFF,0xFF,0xFF,0xFF,0x18,0x00,0x00,0x00,0x00,0x00,0x00,0x00,0x00,0x00,
  0x00,0xFF,0xFF,0xFF,0xFF,0x18,0x00,0x00,0x00,0x00,0x00,0x00,0x00,0x00,0x00,0x00,0xFF,0xFF,0xFF,0xFF,
  0x18,0x00,0x00,0x00,0x00,0x00,0x00,0x00,0x00,0x00,0x00,0xFF,0xFF,0xFF,0xFF,0x18,0x00,0x00,0x00,0x00,
  0x00,0x00,0x00,0x00,0x00,0x00,0x00,0x00,0x00,0x3A,0xA9,0xDF,0xF9,0xE4,0x9A,0x1D,0x18,0xFF,0xFF,0xFF,
  0xFF,0x00,0x01,0x87,0xFF,0xFF,0xFF,0xFF,0xFF,0xFF,0xF6,0x53,0xFF,0xFF,0xFF,0xFF,0x00,0x7A,0xFF,0xFF,
  0xFF,0xFF,0xFF,0xFF,0xFF,0xFF,0xF5,0xFF,0xFF,0xFF,0xFF,0x23,0xF9,0xFF,0xFF,0xFF,0xE1,0x71,0x50,0x7B,
  0xEA,0xFF,0xFF,0xFF,0xFF,0xFF,0x80,0xFF,0xFF,0xFF,0xE4,0x16,0x00,0x00,0x00,0x20,0xEC,0xFF,0xFF,0xFF,
  0xFF,0xCA,0xFF,0xFF,0xFF,0x6F,0x00,0x00,0x00,0x00,0x00,0x77,0xFF,0xFF,0xFF,0xFF,0xE7,0xFF,0xFF,0xFF,
  0x2F,0x00,0x00,0x00,0x00,0x00,0x31,0xFF,0xFF,0xFF,0xFF,0xFA,0xFF,0xFF,0xFF,0x1D,0x00,0x00,0x00,0x00,
  0x00,0x1E,0xFF,0xFF,0xFF,0xFF,0xE8,0xFF,0xFF,0xFF,0x2F,0x00,0x00,0x00,0x00,0x00,0x32,0xFF,0xFF,0xFF,
  0xFF,0xCB,0xFF,0xFF,0xFF,0x6D,0x00,0x00,0x00,0x00,0x00,0x79,0xFF,0xFF,0xFF,0xFF,0x84,0xFF,0xFF,0xFF,
  0xE3,0x15,0x00,0x00,0x00,0x1F,0xED,0xFF,0xFF,0xFF,0xFF,0x28,0xFB,0xFF,0xFF,0xFF,0xDF,0x70,0x50,0x79,
  0xE8,0xFF,0xFF,0xFF,0xFF,0xFF,0x00,0x87,0xFF,0xFF,0xFF,0xFF,0xFF,0xFF,0xFF,0xFF,0xDB,0xFF,0xFF,0xFF,
  0xFF,0x00,0x04,0x98,0xFF,0xFF,0xFF,0xFF,0xFF,0xFF,0xE9,0x37,0xFF,0xFF,0xFF,0xFF,0x00,0x00,0x00,0x46,
  0xB0,0xE1,0xF9,0xE5,0x96,0x14,0x18,0xFF,0xFF,0xFF,0xFF,0x00,0x00,0x00,0x00,0x00,0x00,0x00,0x00,0x00,
  0x00,0x18,0xFF,0xFF,0xFF,0xFF,0x00,0x00,0x00,0x00,0x00,0x00,0x00,0x00,0x00,0x00,0x18,0xFF,0xFF,0xFF,
  0xFF,0x00,0x00,0x00,0x00,0x00,0x00,0x00,0x00,0x00,0x00,0x18,0xFF,0xFF,0xFF,0xFF,0x00,0x00,0x00,0x00,
  0x00,0x00,0x00,0x00,0x00,0x00,0x18,0xFF,0xFF,0xFF,0xFF,0x00,0x00,0x00,0x00,0x00,0x00,0x00,0x00,0x00,
  0x00,0x18,0xFF,0xFF,0xFF,0xFF,0x00,0x00,0x00,0x00,0x00,0x00,0x00,0x00,0x00,0x00,0x18,0xFF,0xFF,0xFF,
  0xFF,0x00,0x00,0x00,0x00,0x00,0x00,0x00,0x00,0x04,0xFF,0xFF,0xFF,0xFF,0x18,0x73,0xDE,0xFD,0x80,0xFF,
  0xFF,0xFF,0xFF,0x7D,0xFF,0xFF,0xFF,0x80,0xFF,0xFF,0xFF,0xFF,0xEB,0xFF,0xFF,0xFF,0x80,0xFF,0xFF,0xFF,
  0xFF,0xFF,0xB2,0x55,0x50,0x2D,0xFF,0xFF,0xFF,0xFF,0xB0,0x00,0x00,0x00,0x00,0xFF,0xFF,0xFF,0xFF,0x41,
  0x00,0x00,0x00,0x00,0xFF,0xFF,0xFF,0xFF,0x1D,0x00,0x00,0x00,0x00,0xFF,0xFF,0xFF,0xFF,0x18,0x00,0x00,
  0x00,0x00,0xFF,0xFF,0xFF,0xFF,0x18,0x00,0x00,0x00,0x00,0xFF,0xFF,0xFF,0xFF,0x18,0x00,0x00,0x00,0x00,
  0xFF,0xFF,0xFF,0xFF,0x18,0x00,0x00,0x00,0x00,0xFF,0xFF,0xFF,0xFF,0x18,0x00,0x00,0x00,0x00,0xFF,0xFF,
  0xFF,0xFF,0x18,0x00,0x00,0x00,0x00,0xFF,0xFF,0xFF,0xFF,0x18,0x00,0x00,0x00,0x00,0xFF,0xFF,0xFF,0xFF,
  0x18,0x00,0x00,0x00,0x00,0x00,0x00,0x00,0x38,0x99,0xD7,0xF0,0xF9,0xE5,0xB5,0x61,0x03,0x00,0x00,0x00,
  0x03,0x99,0xFF,0xFF,0xFF,0xFF,0xFF,0xFF,0xFF,0xFF,0xD1,0x1A,0x00,0x00,0x78,0xFF,0xFF,0xFF,0xFF,0xFF,
  0xFF,0xFF,0xFF,0xFF,0xFF,0xD0,0x02,0x00,0xDD,0xFF,0xFF,0xFF,0xD8,0x69,0x50,0x79,0xEB,0xFF,0xFF,0xFF,
  0x50,0x00,0xF9,0xFF,0xFF,0xFF,0x2E,0x00,0x00,0x00,0x3E,0xF8,0xF8,0xF8,0x7D,0x00,0xCF,0xFF,0xFF,0xFF,
  0x88,0x07,0x00,0x00,0x00,0x00,0x00,0x00,0x00,0x00,0x4A,0xFD,0xFF,0xFF,0xFF,0xF5,0xC4,0x96,0x67,0x2C,
  0x00,0x00,0x00,0x00,0x00,0x43,0xD0,0xFF,0xFF,0xFF,0xFF,0xFF,0xFF,0xFF,0xD8,0x52,0x00,0x00,0x00,0x00,
  0x00,0x29,0x64,0x95,0xC5,0xF6,0xFF,0xFF,0xFF,0xFF,0x5E,0x02,0x08,0x08,0x08,0x05,0x00,0x00,0x00,0x08,
  0x88,0xFF,0xFF,0xFF,0xDC,0x36,0xFF,0xFF,0xFF,0xD9,0x06,0x00,0x00,0x00,0x31,0xFF,0xFF,0xFF,0xF6,0x05,
  0xE9,0xFF,0xFF,0xFF,0xC7,0x65,0x4E,0x6D,0xDD,0xFF,0xFF,0xFF,0xCE,0x00,0x61,0xFF,0xFF,0xFF,0xFF,0xFF,
  0xFF,0xFF,0xFF,0xFF,0xFF,0xFF,0x57,0x00,0x00,0x70,0xF8,0xFF,0xFF,0xFF,0xFF,0xFF,0xFF,0xFF,0xF9,0x70,
  0x00,0x00,0x00,0x00,0x20,0x87,0xCC,0xED,0xFB,0xEB,0xC9,0x86,0x1F,0x00,0x00,0x00,0x00,0x00,0x80,0x80,
  0x80,0x80,0x0C,0x00,0x00,0x00,0x00,0x00,0x00,0xFF,0xFF,0xFF,0xFF,0x18,0x00,0x00,0x00,0x00,0x00,0x00,
  0xFF,0xFF,0xFF,0xFF,0x18,0x00,0x00,0x00,0x00,0x00,0x00,0xFF,0xFF,0xFF,0xFF,0x18,0x00,0x00,0x00,0x80,
  0xFF,0xFF,0xFF,0xFF,0xFF,0xFF,0xFF,0xFF,0xFF,0x00,0x80,0xFF,0xFF,0xFF,0xFF,0xFF,0xFF,0xFF,0xFF,0xFF,
  0x00,0x80,0xFF,0xFF,0xFF,0xFF,0xFF,0xFF,0xFF,0xFF,0xFF,0x00,0x24,0x48,0x48,0xFF,0xFF,0xFF,0xFF,0x60,
  0x48,0x48,0x00,0x00,0x00,0x00,0xFF,0xFF,0xFF,0xFF,0x18,0x00,0x00,0x00,0x00,0x00,0x00,0xFF,0xFF,0xFF,
  0xFF,0x18,0x00,0x00,0x00,0x00,0x00,0x00,0xFF,0xFF,0xFF,0xFF,0x18,0x00,0x00,0x00,0x00,0x00,0x00,0xFF,
  0xFF,0xFF,0xFF,0x18,0x00,0x00,0x00,0x00,0x00,0x00,0xFF,0xFF,0xFF,0xFF,0x18,0x00,0x00,0x00,0x00,0x00,
  0x00,0xFF,0xFF,0xFF,0xFF,0x18,0x00,0x00,0x00,0x00,0x00,0x00,0xFF,0xFF,0xFF,0xFF,0x1C,0x00,0x00,0x00,
  0x00,0x00,0x00,0xF8,0xFF,0xFF,0xFF,0x98,0x4A,0x46,0x00,0x00,0x00,0x00,0xCB,0xFF,0xFF,0xFF,0xFF,0xFF,
  0xFB,0x00,0x00,0x00,0x00,0x4E,0xFE,0xFF,0xFF,0xFF,0xFF,0xFF,0x05,0x00,0x00,0x00,0x00,0x43,0xB4,0xEA,
  0xFC,0xFF,0xF9,0x0E,0xFF,0xFF,0xFF,0xFF,0x18,0x00,0x00,0x00,0x00,0x18,0xFF,0xFF,0xFF,0xFF,0xFF,0xFF,
  0xFF,0xFF,0x18,0x00,0x00,0x00,0x00,0x18,0xFF,0xFF,0xFF,0xFF,0xFF,0xFF,0xFF,0xFF,0x18,0x00,0x00,0x00,
  0x00,0x18,0xFF,0xFF,0xFF,0xFF,0xFF,0xFF,0xFF,0xFF,0x18,0x00,0x00,0x00,0x00,0x18,0xFF,0xFF,0xFF,0xFF,
  0xFF,0xFF,0xFF,0xFF,0x18,0x00,0x00,0x00,0x00,0x18,0xFF,0xFF,0xFF,0xFF,0xFF,0xFF,0xFF,0xFF,0x18,0x00,
  0x00,0x00,0x00,0x18,0xFF,0xFF,0xFF,0xFF,0xFF,0xFF,0xFF,0xFF,0x18,0x00,0x00,0x00,0x00,0x18,0xFF,0xFF,
  0xFF,0xFF,0xFF,0xFF,0xFF,0xFF,0x18,0x00,0x00,0x00,0x00,0x18,0xFF,0xFF,0xFF,0xFF,0xFF,0xFF,0xFF,0xFF,
  0x19,0x00,0x00,0x00,0x00,0x1C,0xFF,0xFF,0xFF,0xFF,0xF9,0xFF,0xFF,0xFF,0x35,0x00,0x00,0x00,0x00,0x3D,
  0xFF,0xFF,0xFF,0xFF,0xE1,0xFF,0xFF,0xFF,0x94,0x00,0x00,0x00,0x00,0xAA,0xFF,0xFF,0xFF,0xFF,0xA4,0xFF,
  0xFF,0xFF,0xFF,0xA4,0x59,0x5A,0xB6,0xFF,0xFF,0xFF,0xFF,0xFF,0x3B,0xFE,0xFF,0xFF,0xFF,0xFF,0xFF,0xFF,
  0xFF,0xFF,0xFF,0xFF,0xFF,0xFF,0x00,0x7A,0xFF,0xFF,0xFF,0xFF,0xFF,0xFF,0xF8,0x6D,0xFF,0xFF,0xFF,0xFF,
  0x00,0x00,0x48,0xB7,0xEA,0xF7,0xDC,0x9D,0x2C,0x18,0xFF,0xFF,0xFF,0xFF,0x9A,0xFF,0xFF,0xFF,0xA1,0x00,
  0x00,0x00,0x00,0x00,0x00,0xCD,0xFF,0xFF,0xFF,0x65,0x3D,0xFF,0xFF,0xFF,0xEF,0x05,0x00,0x00,0x00,0x00,
  0x1E,0xFF,0xFF,0xFF,0xF8,0x10,0x01,0xDF,0xFF,0xFF,0xFF,0x47,0x00,0x00,0x00,0x00,0x6F,0xFF,0xFF,0xFF,
  0xAC,0x00,0x00,0x84,0xFF,0xFF,0xFF,0x9A,0x00,0x00,0x00,0x00,0xC0,0xFF,0xFF,0xFF,0x4F,0x00,0x00,0x27,
  0xFF,0xFF,0xFF,0xEA,0x03,0x00,0x00,0x14,0xFC,0xFF,0xFF,0xED,0x06,0x00,0x00,0x00,0xCB,0xFF,0xFF,0xFF,
  0x41,0x00,0x00,0x62,0xFF,0xFF,0xFF,0x96,0x00,0x00,0x00,0x00,0x6F,0xFF,0xFF,0xFF,0x94,0x00,0x00,0xB3,
  0xFF,0xFF,0xFF,0x3A,0x00,0x00,0x00,0x00,0x16,0xFB,0xFF,0xFF,0xE5,0x01,0x0B,0xF7,0xFF,0xFF,0xDC,0x00,
  0x00,0x00,0x00,0x00,0x00,0xB6,0xFF,0xFF,0xFF,0x31,0x4E,0xFF,0xFF,0xFF,0x81,0x00,0x00,0x00,0x00,0x00,
  0x00,0x59,0xFF,0xFF,0xFF,0x7A,0x97,0xFF,0xFF,0xFF,0x25,0x00,0x00,0x00,0x00,0x00,0x00,0x09,0xF2,0xFF,
  0xFF,0xC2,0xDE,0xFF,0xFF,0xC8,0x00,0x00,0x00,0x00,0x00,0x00,0x00,0x00,0xA0,0xFF,0xFF,0xFF,0xFF,0xFF,
  0xFF,0x6B,0x00,0x00,0x00,0x00,0x00,0x00,0x00,0x00,0x44,0xFF,0xFF,0xFF,0xFF,0xFF,0xFA,0x14,0x00,0x00,
  0x00,0x00,0x00,0x00,0x00,0x00,0x02,0xE4,0xFF,0xFF,0xFF,0xFF,0xB2,0x00,0x00,0x00,0x00,0x00,0x00,0x00,
  0x00,0x00,0x00,0x8A,0xFF,0xFF,0xFF,0xFF,0x56,0x00,0x00,0x00,0x00,0x00,0xA2,0xFF,0xFF,0xFF,0x93,0x00,
  0x00,0x00,0x00,0x66,0xFF,0xFF,0xFF,0x84,0x00,0x00,0x00,0x00,0x88,0xFF,0xFF,0xFF,0xBD,0x56,0xFF,0xFF,
  0xFF,0xD3,0x00,0x00,0x00,0x00,0xA9,0xFF,0xFF,0xFF,0xC6,0x00,0x00,0x00,0x00,0xC7,0xFF,0xFF,0xFF,0x71,
  0x0F,0xFA,0xFF,0xFF,0xFE,0x14,0x00,0x00,0x01,0xEA,0xFF,0xFF,0xFF,0xFB,0x0C,0x00,0x00,0x0B,0xFA,0xFF,
  0xFF,0xFF,0x25,0x00,0xBD,0xFF,0xFF,0xFF,0x53,0x00,0x00,0x2F,0xFF,0xFF,0xFF,0xFF,0xFF,0x49,0x00,0x00,
  0x45,0xFF,0xFF,0xFF,0xD8,0x00,0x00,0x71,0xFF,0xFF,0xFF,0x93,0x00,0x00,0x72,0xFF,0xFF,0xFF,0xFF,0xFF,
  0x8A,0x00,0x00,0x85,0xFF,0xFF,0xFF,0x8C,0x00,0x00,0x24,0xFF,0xFF,0xFF,0xD2,0x00,0x00,0xB3,0xFF,0xFF,
  0xC2,0xFF,0xFF,0xCB,0x00,0x00,0xC2,0xFF,0xFF,0xFF,0x40,0x00,0x00,0x00,0xD9,0xFF,0xFF,0xFD,0x0E,0x02,
  0xEF,0xFF,0xFF,0x47,0xFF,0xFF,0xFC,0x0D,0x04,0xF6,0xFF,0xFF,0xEF,0x04,0x00,0x00,0x00,0x8C,0xFF,0xFF,
  0xFF,0x46,0x31,0xFF,0xFF,0xEE,0x02,0xD8,0xFF,0xFF,0x48,0x34,0xFF,0xFF,0xFF,0xA7,0x00,0x00,0x00,0x00,
  0x40,0xFF,0xFF,0xFF,0x80,0x6E,0xFF,0xFF,0xAE,0x00,0x94,0xFF,0xFF,0x87,0x6C,0xFF,0xFF,0xFF,0x5B,0x00,
  0x00,0x00,0x00,0x04,0xEF,0xFF,0xFF,0xB6,0xAA,0xFF,0xFF,0x68,0x00,0x4D,0xFF,0xFF,0xC2,0xA3,0xFF,0xFF,
  0xFC,0x12,0x00,0x00,0x00,0x00,0x00,0xA8,0xFF,0xFF,0xEB,0xE5,0xFF,0xFF,0x1F,0x00,0x0B,0xF9,0xFF,0xF6,
  0xDE,0xFF,0xFF,0xC3,0x00,0x00,0x00,0x00,0x00,0x00,0x5B,0xFF,0xFF,0xFF,0xFF,0xFF,0xD5,0x00,0x00,0x00,
  0xBB,0xFF,0xFF,0xFF,0xFF,0xFF,0x76,0x00,0x00,0x00,0x00,0x00,0x00,0x12,0xFC,0xFF,0xFF,0xFF,0xFF,0x8B,
  0x00,0x00,0x00,0x72,0xFF,0xFF,0xFF,0xFF,0xFF,0x2A,0x00,0x00,0x00,0x00,0x00,0x00,0x00,0xC3,0xFF,0xFF,
  0xFF,0xFF,0x42,0x00,0x00,0x00,0x29,0xFF,0xFF,0xFF,0xFF,0xDE,0x00,0x00,0x00,0x00,0x00,0x00,0x00,0x00,
  0x76,0xFF,0xFF,0xFF,0xF2,0x05,0x00,0x00,0x00,0x00,0xE0,0xFF,0xFF,0xFF,0x92,0x00,0x00,0x00,0x00,0x28,
  0xF8,0xFF,0xFF,0xFF,0x39,0x00,0x00,0x00,0x20,0xF7,0xFF,0xFF,0xFD,0x39,0x00,0x7A,0xFF,0xFF,0xFF,0xC9,
  0x01,0x00,0x00,0xAE,0xFF,0xFF,0xFF,0x8D,0x00,0x00,0x04,0xCF,0xFF,0xFF,0xFF,0x59,0x00,0x3F,0xFF,0xFF,
  0xFF,0xDB,0x09,0x00,0x00,0x00,0x31,0xFB,0xFF,0xFF,0xDA,0x04,0xC7,0xFF,0xFF,0xFE,0x3D,0x00,0x00,0x00,
  0x00,0x00,0x86,0xFF,0xFF,0xFF,0xB3,0xFF,0xFF,0xFF,0x92,0x00,0x00,0x00,0x00,0x00,0x00,0x07,0xD7,0xFF,
  0xFF,0xFF,0xFF,0xFF,0xDD,0x0B,0x00,0x00,0x00,0x00,0x00,0x00,0x00,0x3A,0xFF,0xFF,0xFF,0xFF,0xFF,0x41,
  0x00,0x00,0x00,0x00,0x00,0x00,0x00,0x00,0x05,0xFF,0xFF,0xFF,0xFF,0xFF,0x04,0x00,0x00,0x00,0x00,0x00,
  0x00,0x00,0x00,0x81,0xFF,0xFF,0xFF,0xFF,0xFF,0x7B,0x00,0x00,0x00,0x00,0x00,0x00,0x00,0x2F,0xFA,0xFF,
  0xFF,0xFF,0xFF,0xFF,0xF8,0x2A,0x00,0x00,0x00,0x00,0x00,0x04,0xCF,0xFF,0xFF,0xFC,0x61,0xFF,0xFF,0xFF,
  0xC9,0x03,0x00,0x00,0x00,0x00,0x7E,0xFF,0xFF,0xFF,0x9E,0x00,0xAC,0xFF,0xFF,0xFF,0x75,0x00,0x00,0x00,
  0x2D,0xF9,0xFF,0xFF,0xF6,0x1D,0x00,0x24,0xF9,0xFF,0xFF,0xF7,0x26,0x00,0x04,0xCD,0xFF,0xFF,0xFF,0x7E,
  0x00,0x00,0x00,0x88,0xFF,0xFF,0xFF,0xC4,0x02,0x7B,0xFF,0xFF,0xFF,0xDC,0x07,0x00,0x00,0x00,0x0B,0xE4,
  0xFF,0xFF,0xFF,0x6F,0x71,0xFF,0xFF,0xFF,0xC9,0x00,0x00,0x00,0x00,0x00,0x00,0xA2,0xFF,0xFF,0xFF,0x90,
  0x16,0xFB,0xFF,0xFF,0xFF,0x1E,0x00,0x00,0x00,0x00,0x05,0xEF,0xFF,0xFF,0xFF,0x33,0x00,0xB2,0xFF,0xFF,
  0xFF,0x70,0x00,0x00,0x00,0x00,0x49,0xFF,0xFF,0xFF,0xD5,0x00,0x00,0x53,0xFF,0xFF,0xFF,0xC4,0x00,0x00,
  0x00,0x00,0x9D,0xFF,0xFF,0xFF,0x77,0x00,0x00,0x06,0xED,0xFF,0xFF,0xFE,0x19,0x00,0x00,0x04,0xEC,0xFF,
  0xFF,0xFD,0x1B,0x00,0x00,0x00,0x95,0xFF,0xFF,0xFF,0x6B,0x00,0x00,0x44,0xFF,0xFF,0xFF,0xBB,0x00,0x00,
  0x00,0x00,0x36,0xFF,0xFF,0xFF,0xBE,0x00,0x00,0x97,0xFF,0xFF,0xFF,0x5D,0x00,0x00,0x00,0x00,0x00,0xD6,
  0xFF,0xFF,0xFC,0x14,0x02,0xE8,0xFF,0xFF,0xF3,0x0B,0x00,0x00,0x00,0x00,0x00,0x77,0xFF,0xFF,0xFF,0x5C,
  0x38,0xFF,0xFF,0xFF,0xA1,0x00,0x00,0x00,0x00,0x00,0x00,0x1B,0xFD,0xFF,0xFF,0xA5,0x84,0xFF,0xFF,0xFF,
  0x43,0x00,0x00,0x00,0x00,0x00,0x00,0x00,0xB9,0xFF,0xFF,0xEB,0xCF,0xFF,0xFF,0xE3,0x02,0x00,0x00,0x00,
  0x00,0x00,0x00,0x00,0x5A,0xFF,0xFF,0xFF,0xFF,0xFF,0xFF,0x87,0x00,0x00,0x00,0x00,0x00,0x00,0x00,0x00,
  0x09,0xF1,0xFF,0xFF,0xFF,0xFF,0xFF,0x29,0x00,0x00,0x00,0x00,0x00,0x00,0x00,0x00,0x00,0x9C,0xFF,0xFF,
  0xFF,0xFF,0xCB,0x00,0x00,0x00,0x00,0x00,0x00,0x00,0x00,0x00,0x00,0x3D,0xFF,0xFF,0xFF,0xFF,0x6D,0x00,
  0x00,0x00,0x00,0x00,0x00,0x00,0x00,0x00,0x00,0x27,0xFF,0xFF,0xFF,0xFA,0x14,0x00,0x00,0x00,0x00,0x00,
  0x00,0x00,0x00,0x00,0x00,0x84,0xFF,0xFF,0xFF,0xB1,0x00,0x00,0x00,0x00,0x00,0x00,0x00,0x00,0x48,0x49,
  0x6C,0xF3,0xFF,0xFF,0xFF,0x4E,0x00,0x00,0x00,0x00,0x00,0x00,0x00,0x00,0xFF,0xFF,0xFF,0xFF,0xFF,0xFF,
  0xD2,0x02,0x00,0x00,0x00,0x00,0x00,0x00,0x00,0x00,0xFF,0xFF,0xFF,0xFF,0xFF,0xF1,0x31,0x00,0x00,0x00,
  0x00,0x00,0x00,0x00,0x00,0x00,0xFF,0xFF,0xFE,0xEB,0xAA,0x28,0x00,0x00,0x00,0x00,0x00,0x00,0x00,0x00,
  0xFF,0xFF,0xFF,0xFF,0xFF,0xFF,0xFF,0xFF,0xFF,0xFF,0xFF,0xFF,0xFF,0xFF,0xFF,0xFF,0xFF,0xFF,0xFF,0xFF,
  0xFF,0xFF,0xFF,0xFF,0xFF,0xFF,0xFF,0xFF,0xFF,0xFF,0xFF,0xFF,0xFF,0xFF,0xFF,0xFE,0x48,0x48,0x48,0x48,
  0x48,0x48,0x5C,0xF8,0xFF,0xFF,0xFF,0x7D,0x00,0x00,0x00,0x00,0x00,0x03,0xBD,0xFF,0xFF,0xFF,0xB2,0x01,
  0x00,0x00,0x00,0x00,0x00,0x8E,0xFF,0xFF,0xFF,0xD9,0x0F,0x00,0x00,0x00,0x00,0x00,0x5A,0xFF,0xFF,0xFF,
  0xF3,0x2A,0x00,0x00,0x00,0x00,0x00,0x31,0xF6,0xFF,0xFF,0xFF,0x54,0x00,0x00,0x00,0x00,0x00,0x13,0xDF,
  0xFF,0xFF,0xFF,0x88,0x00,0x00,0x00,0x00,0x00,0x03,0xBC,0xFF,0xFF,0xFF,0xBA,0x03,0x00,0x00,0x00,0x00,
  0x00,0x8D,0xFF,0xFF,0xFF,0xDF,0x13,0x00,0x00,0x00,0x00,0x00,0x5A,0xFF,0xFF,0xFF,0xFF,0x79,0x48,0x48,
  0x48,0x48,0x48,0x48,0xF6,0xFF,0xFF,0xFF,0xFF,0xFF,0xFF,0xFF,0xFF,0xFF,0xFF,0xFF,0xFF,0xFF,0xFF,0xFF,
  0xFF,0xFF,0xFF,0xFF,0xFF,0xFF,0xFF,0xFF,0xFF,0xFF,0xFF,0xFF,0xFF,0xFF,0xFF,0xFF,0xFF,0xFF,0xFF,0xFF,
  0x00,0x00,0x00,0x00,0x00,0x00,0x00,0x1B,0x37,0x42,0x00,0x00,0x00,0x00,0x15,0x91,0xE8,0xFF,0xFF,0xFF,
  0x00,0x00,0x00,0x16,0xDF,0xFF,0xFF,0xFF,0xFF,0xFF,0x00,0x00,0x00,0x96,0xFF,0xFF,0xFF,0xFF,0xFF,0xFF,
  0x00,0x00,0x00,0xE6,0xFF,0xFF,0xFF,0xC4,0x31,0x07,0x00,0x00,0x08,0xFF,0xFF,0xFF,0xFF,0x33,0x00,0x00,
  0x00,0x00,0x17,0xFF,0xFF,0xFF,0xFF,0x09,0x00,0x00,0x00,0x00,0x18,0xFF,0xFF,0xFF,0xFF,0x00,0x00,0x00,
  0x00,0x00,0x18,0xFF,0xFF,0xFF,0xFF,0x00,0x00,0x00,0x00,0x00,0x2F,0xFF,0xFF,0xFF,0xFF,0x00,0x00,0x00,
  0x00,0x00,0x77,0xFF,0xFF,0xFF,0xED,0x00,0x00,0x00,0xA0,0xD7,0xFF,0xFF,0xFF,0xFF,0x9E,0x00,0x00,0x00,
  0xFF,0xFF,0xFF,0xFF,0xFF,0xC0,0x11,0x00,0x00,0x00,0xFF,0xFF,0xFF,0xFF,0xA3,0x01,0x00,0x00,0x00,0x00,
  0xFF,0xFF,0xFF,0xFF,0xFF,0xC0,0x12,0x00,0x00,0x00,0x10,0x48,0xE0,0xFF,0xFF,0xFF,0xA1,0x00,0x00,0x00,
  0x00,0x00,0x58,0xFF,0xFF,0xFF,0xEF,0x00,0x00,0x00,0x00,0x00,0x26,0xFF,0xFF,0xFF,0xFF,0x00,0x00,0x00,
  0x00,0x00,0x18,0xFF,0xFF,0xFF,0xFF,0x00,0x00,0x00,0x00,0x00,0x18,0xFF,0xFF,0xFF,0xFF,0x00,0x00,0x00,
  0x00,0x00,0x14,0xFF,0xFF,0xFF,0xFF,0x0F,0x00,0x00,0x00,0x00,0x03,0xFE,0xFF,0xFF,0xFF,0x4A,0x00,0x00,
  0x00,0x00,0x00,0xD4,0xFF,0xFF,0xFF,0xE6,0x75,0x4D,0x00,0x00,0x00,0x75,0xFF,0xFF,0xFF,0xFF,0xFF,0xFF,
  0x00,0x00,0x00,0x05,0xAF,0xFF,0xFF,0xFF,0xFF,0xFF,0x00,0x00,0x00,0x00,0x01,0x4C,0xA4,0xD7,0xF1,0xFC,
  0xFF,0xFF,0xFF,0xFF,0x18,0xFF,0xFF,0xFF,0xFF,0x18,0xFF,0xFF,0xFF,0xFF,0x18,0xFF,0xFF,0xFF,0xFF,0x18,
  0xFF,0xFF,0xFF,0xFF,0x18,0xFF,0xFF,0xFF,0xFF,0x18,0xFF,0xFF,0xFF,0xFF,0x18,0xFF,0xFF,0xFF,0xFF,0x18,
  0xFF,0xFF,0xFF,0xFF,0x18,0xFF,0xFF,0xFF,0xFF,0x18,0xFF,0xFF,0xFF,0xFF,0x18,0xFF,0xFF,0xFF,0xFF,0x18,
  0xFF,0xFF,0xFF,0xFF,0x18,0xFF,0xFF,0xFF,0xFF,0x18,0xFF,0xFF,0xFF,0xFF,0x18,0xFF,0xFF,0xFF,0xFF,0x18,
  0xFF,0xFF,0xFF,0xFF,0x18,0xFF,0xFF,0xFF,0xFF,0x18,0xFF,0xFF,0xFF,0xFF,0x18,0xFF,0xFF,0xFF,0xFF,0x18,
  0xFF,0xFF,0xFF,0xFF,0x18,0xFF,0xFF,0xFF,0xFF,0x18,0xFF,0xFF,0xFF,0xFF,0x18,0xFF,0xFF,0xFF,0xFF,0x18,
  0xFF,0xFF,0xFF,0xFF,0x18,0xFF,0xFF,0xFF,0xFF,0x18,0xFF,0xFF,0xFF,0xFF,0x18,0xFF,0xFF,0xFF,0xFF,0x18,
  0xFF,0xFF,0xFF,0xFF,0x18,0xFF,0xFF,0xFF,0xFF,0x18,0xFF,0xFF,0xFF,0xFF,0x18,0xFF,0xFF,0xFF,0xFF,0x18,
  0xFF,0xFF,0xFF,0xFF,0x18,0xFF,0xFF,0xFF,0xFF,0x18,0x43,0x37,0x1A,0x00,0x00,0x00,0x00,0x00,0x00,0x00,
  0x00,0xFF,0xFF,0xFF,0xE8,0x91,0x15,0x00,0x00,0x00,0x00,0x00,0xFF,0xFF,0xFF,0xFF,0xFF,0xDF,0x15,0x00,
  0x00,0x00,0x00,0xFF,0xFF,0xFF,0xFF,0xFF,0xFF,0x96,0x00,0x00,0x00,0x00,0x07,0x31,0xC7,0xFF,0xFF,0xFF,
  0xE6,0x00,0x00,0x00,0x00,0x00,0x00,0x35,0xFF,0xFF,0xFF,0xFF,0x07,0x00,0x00,0x00,0x00,0x00,0x0A,0xFF,
  0xFF,0xFF,0xFF,0x16,0x00,0x00,0x00,0x00,0x00,0x00,0xFF,0xFF,0xFF,0xFF,0x18,0x00,0x00,0x00,0x00,0x00,
  0x00,0xFF,0xFF,0xFF,0xFF,0x18,0x00,0x00,0x00,0x00,0x00,0x00,0xFF,0xFF,0xFF,0xFF,0x2F,0x00,0x00,0x00,
  0x00,0x00,0x00,0xED,0xFF,0xFF,0xFF,0x7B,0x00,0x00,0x00,0x00,0x00,0x00,0x9E,0xFF,0xFF,0xFF,0xFF,0xDD,
  0xA2,0x0D,0x00,0x00,0x00,0x10,0xBD,0xFF,0xFF,0xFF,0xFF,0xFF,0x30,0x00,0x00,0x00,0x00,0x00,0x82,0xFF,
  0xFF,0xFF,0xFF,0x44,0x00,0x00,0x00,0x11,0xBD,0xFF,0xFF,0xFF,0xFF,0xFF,0x30,0x00,0x00,0x00,0xA1,0xFF,
  0xFF,0xFF,0xE3,0x4E,0x14,0x00,0x00,0x00,0x00,0xF0,0xFF,0xFF,0xFF,0x5B,0x00,0x00,0x00,0x00,0x00,0x00,
  0xFF,0xFF,0xFF,0xFF,0x26,0x00,0x00,0x00,0x00,0x00,0x00,0xFF,0xFF,0xFF,0xFF,0x18,0x00,0x00,0x00,0x00,
  0x00,0x00,0xFF,0xFF,0xFF,0xFF,0x18,0x00,0x00,0x00,0x00,0x00,0x10,0xFF,0xFF,0xFF,0xFF,0x13,0x00,0x00,
  0x00,0x00,0x00,0x4D,0xFF,0xFF,0xFF,0xFE,0x03,0x00,0x00,0x00,0x4E,0x76,0xE7,0xFF,0xFF,0xFF,0xD4,0x00,
  0x00,0x00,0x00,0xFF,0xFF,0xFF,0xFF,0xFF,0xFF,0x75,0x00,0x00,0x00,0x00,0xFF,0xFF,0xFF,0xFF,0xFF,0xAF,
  0x05,0x00,0x00,0x00,0x00,0xFC,0xF0,0xD6,0xA4,0x4C,0x01,0x00,0x00,0x00,0x00,0x00,0x00,0x0C,0x8B,0xDF,
  0xF8,0xDA,0x7F,0x0C,0x00,0x00,0x00,0x04,0x88,0x88,0x84,0x05,0xCB,0xFF,0xFF,0xFF,0xFF,0xFF,0xDB,0x32,
  0x00,0x00,0x2E,0xFF,0xFF,0xE9,0x6E,0xFF,0xFF,0xFF,0xFF,0xFF,0xFF,0xFF,0xF8,0x86,0x57,0xCD,0xFF,0xFF,
  0xBD,0xC1,0xFF,0xFF,0xCC,0x57,0x87,0xF8,0xFF,0xFF,0xFF,0xFF,0xFF,0xFF,0xFF,0x66,0xEB,0xFF,0xFF,0x2C,
  0x00,0x00,0x35,0xDF,0xFF,0xFF,0xFF,0xFF,0xFF,0xC5,0x03,0x88,0x8C,0x8C,0x04,0x00,0x00,0x00,0x0E,0x83,
  0xDC,0xF9,0xDF,0x88,0x0A,0x00,0x00,0x00,0x51,0xC2,0xF1,0xEC,0xB4,0x3A,0x00,0x00,0x00,0x89,0xFF,0xFF,
  0xFF,0xFF,0xFF,0xFC,0x62,0x00,0x4F,0xFF,0xFF,0xFF,0xFF,0xFF,0xFF,0xFF,0xF9,0x29,0xBF,0xFF,0xFF,0xCB,
  0x60,0x6A,0xE1,0xFF,0xFF,0x95,0xF0,0xFF,0xEF,0x0A,0x00,0x00,0x24,0xFF,0xFF,0xC7,0xF0,0xFF,0xEF,0x0A,
  0x00,0x00,0x21,0xFF,0xFF,0xC7,0xC0,0xFF,0xFF,0xC9,0x5E,0x67,0xDE,0xFF,0xFF,0x96,0x51,0xFF,0xFF,0xFF,
  0xFF,0xFF,0xFF,0xFF,0xFA,0x2B,0x00,0x8B,0xFF,0xFF,0xFF,0xFF,0xFF,0xFC,0x64,0x00,0x00,0x00,0x52,0xC2,
  0xF1,0xED,0xB4,0x3A,0x00,0x00,0x32,0xDA,0xE2,0x41,0x00,0xC9,0xFF,0xFF,0xE1,0x00,0xF6,0xFF,0xFF,0xFF,
  0x0D,0xCA,0xFF,0xFF,0xE2,0x00,0x34,0xDB,0xE3,0x43,0x00,0x00,0x07,0x7E,0xDA,0xF7,0xDB,0x7E,0x07,0x00,
  0x08,0xC7,0xFF,0xFF,0xFF,0xFF,0xFF,0xC6,0x07,0x82,0xFF,0xFF,0xFF,0xFF,0xFF,0xFF,0xFF,0x7E,0xDD,0xFF,
  0xFF,0xFF,0xFF,0xFF,0xFF,0xFF,0xDB,0xF8,0xFF,0xFF,0xFF,0xFF,0xFF,0xFF,0xFF,0xF7,0xDC,0xFF,0xFF,0xFF,
  0xFF,0xFF,0xFF,0xFF,0xDA,0x81,0xFF,0xFF,0xFF,0xFF,0xFF,0xFF,0xFF,0x7E,0x08,0xC8,0xFF,0xFF,0xFF,0xFF,
  0xFF,0xC7,0x07,0x00,0x08,0x81,0xDC,0xF8,0xDD,0x82,0x08,0x00,0x32,0xDA,0xE2,0x41,0x00,0x00,0x00,0x00,
  0x41,0xE2,0xDB,0x32,0x00,0x00,0x00,0x00,0x52,0xE8,0xD0,0x24,0xCA,0xFF,0xFF,0xE1,0x00,0x00,0x00,0x00,
  0xE2,0xFF,0xFF,0xC9,0x00,0x00,0x00,0x09,0xF0,0xFF,0xFF,0xB1,0xF6,0xFF,0xFF,0xFF,0x0E,0x00,0x00,0x0E,
  0xFF,0xFF,0xFF,0xF6,0x00,0x00,0x00,0x26,0xFF,0xFF,0xFF,0xDE,0xCA,0xFF,0xFF,0xE1,0x00,0x00,0x00,0x00,
  0xE2,0xFF,0xFF,0xCA,0x00,0x00,0x00,0x09,0xF1,0xFF,0xFF,0xB2,0x34,0xDB,0xE3,0x43,0x00,0x00,0x00,0x00,
  0x43,0xE3,0xDC,0x34,0x00,0x00,0x00,0x00,0x54,0xE9,0xD1,0x26,
};
